{"stats":{"minecraft:dropped":{"minecraft:iron_sword":1,"minecraft:soul_sand":17,"minecraft:diamond_axe":1,"minecraft:lapis_lazuli":18,"minecraft:warped_fungus":1,"minecraft:cooked_beef":3,"minecraft:baked_potato":16,"minecraft:glass_bottle":1,"minecraft:ender_pearl":7,"minecraft:crafting_table":1,"minecraft:warped_roots":1,"minecraft:leather":2,"minecraft:rail":28,"minecraft:flint":8,"minecraft:cobblestone_stairs":5,"minecraft:dirt":43,"minecraft:crimson_roots":1,"minecraft:gold_nugget":10,"minecraft:bone_meal":45,"minecraft:sand":5,"minecraft:iron_pickaxe":1,"minecraft:fermented_spider_eye":1,"minecraft:gold_ingot":26,"minecraft:bone":19,"minecraft:tropical_fish_bucket":1,"minecraft:gravel":72,"minecraft:stone_axe":1,"minecraft:blackstone":39,"minecraft:purpur_block":4,"minecraft:sugar_cane":2,"minecraft:nether_brick":10,"minecraft:wheat":2,"minecraft:rotten_flesh":49,"minecraft:oak_planks":2,"minecraft:glowstone_dust":3,"minecraft:gunpowder":5,"minecraft:charcoal":4,"minecraft:white_dye":1,"minecraft:spruce_slab":8,"minecraft:iron_ore":15,"minecraft:iron_bars":10,"minecraft:arrow":7,"minecraft:quartz":5,"minecraft:netherrack":57,"minecraft:lectern":2,"minecraft:iron_ingot":10,"minecraft:enchanted_book":1,"minecraft:water_bucket":1,"minecraft:golden_boots":1,"minecraft:netherite_pickaxe":4,"minecraft:wheat_seeds":85,"minecraft:mossy_cobblestone":2,"minecraft:golden_horse_armor":1,"minecraft:poisonous_potato":2,"minecraft:netherite_axe":1,"minecraft:book":1,"minecraft:cobblestone":128,"minecraft:granite":167,"minecraft:spruce_button":6,"minecraft:spruce_door":2,"minecraft:spruce_stairs":2,"minecraft:coal":91,"minecraft:stick":9,"minecraft:end_rod":2,"minecraft:diorite":185,"minecraft:torch":3,"minecraft:diamond_helmet":1,"minecraft:fire_charge":2,"minecraft:iron_leggings":2,"minecraft:string":4,"minecraft:bucket":5,"minecraft:spruce_sapling":12,"minecraft:nether_brick_slab":1,"minecraft:kelp":8,"minecraft:netherite_hoe":1,"minecraft:blaze_rod":2,"minecraft:composter":1,"minecraft:wither_skeleton_skull":1,"minecraft:light_gray_wool":1,"minecraft:iron_boots":1,"minecraft:smoker":1,"minecraft:nether_bricks":3,"minecraft:spruce_fence":3,"minecraft:shulker_box":1,"minecraft:pumpkin_seeds":9,"minecraft:potato":10,"minecraft:cobblestone_slab":704,"minecraft:hay_block":4,"minecraft:spruce_trapdoor":5,"minecraft:spruce_planks":21,"minecraft:diamond_pickaxe":1,"minecraft:andesite":70,"minecraft:wooden_shovel":2,"minecraft:carved_pumpkin":1,"minecraft:barrel":1,"minecraft:spruce_log":7,"minecraft:bow":2,"minecraft:stone_pickaxe":2,"minecraft:magma_cream":4,"minecraft:magma_block":20,"minecraft:black_wool":1},"minecraft:mined":{"minecraft:dragon_wall_head":1,"minecraft:spruce_planks":6,"minecraft:cobblestone_stairs":1,"minecraft:brewing_stand":1,"minecraft:carved_pumpkin":2,"minecraft:obsidian":27,"minecraft:spruce_trapdoor":12,"minecraft:granite":225,"minecraft:grass_block":85,"minecraft:soul_soil":20,"minecraft:spawner":1,"minecraft:tall_seagrass":1,"minecraft:glowstone":40,"minecraft:fire":17,"minecraft:iron_ore":89,"minecraft:barrel":18,"minecraft:pumpkin":2,"minecraft:nether_brick_stairs":1,"minecraft:quartz_slab":25,"minecraft:end_stone_bricks":7,"minecraft:spruce_slab":47,"minecraft:brown_mushroom":1,"minecraft:quartz_block":6,"minecraft:smoker":1,"minecraft:purpur_stairs":6,"minecraft:torch":4,"minecraft:blast_furnace":1,"minecraft:melon":14,"minecraft:chest":10,"minecraft:nether_brick_slab":20,"minecraft:nether_quartz_ore":268,"minecraft:glass":2,"minecraft:cobblestone":63,"minecraft:grindstone":2,"minecraft:sugar_cane":10,"minecraft:seagrass":1,"minecraft:warped_nylium":3,"minecraft:wheat":35,"minecraft:tnt":2,"minecraft:warped_fungus":1,"minecraft:purpur_block":4,"minecraft:grass":62,"minecraft:oak_log":1,"minecraft:sand":192,"minecraft:dirt":81,"minecraft:infested_cracked_stone_bricks":1,"minecraft:netherrack":1060,"minecraft:oak_leaves":1,"minecraft:nether_gold_ore":77,"minecraft:crying_obsidian":1,"minecraft:quartz_stairs":15,"minecraft:mossy_cobblestone":1,"minecraft:shulker_box":19,"minecraft:end_stone":3,"minecraft:nether_bricks":47,"minecraft:spruce_leaves":202,"minecraft:large_fern":19,"minecraft:hay_block":19,"minecraft:redstone_ore":19,"minecraft:furnace":4,"minecraft:snow":68,"minecraft:andesite":110,"minecraft:stripped_spruce_log":10,"minecraft:gold_block":1,"minecraft:bookshelf":17,"minecraft:potatoes":103,"minecraft:rail":555,"minecraft:cobblestone_slab":68,"minecraft:warped_stem":2,"minecraft:chorus_plant":1,"minecraft:stone":4576,"minecraft:bone_block":6,"minecraft:ender_chest":1,"minecraft:oak_slab":1,"minecraft:chiseled_nether_bricks":1,"minecraft:lily_of_the_valley":1,"minecraft:dandelion":3,"minecraft:crafting_table":3,"minecraft:cornflower":1,"minecraft:warped_roots":2,"minecraft:lectern":93,"minecraft:purpur_pillar":2,"minecraft:tall_grass":7,"minecraft:lapis_ore":2,"minecraft:diorite":209,"minecraft:spruce_stairs":29,"minecraft:stripped_spruce_wood":7,"minecraft:spruce_log":333,"minecraft:grass_path":8,"minecraft:coal_ore":110,"minecraft:end_rod":7,"minecraft:gravel":99,"minecraft:stone_bricks":88,"minecraft:gold_ore":30,"minecraft:infested_stone":8,"minecraft:fern":5},"minecraft:picked_up":{"minecraft:shulker_shell":6,"minecraft:seagrass":2,"minecraft:iron_chestplate":2,"minecraft:wheat":35,"minecraft:lead":1,"minecraft:potion":3,"minecraft:nether_brick":10,"minecraft:brewing_stand":2,"minecraft:string":98,"minecraft:soul_soil":20,"minecraft:iron_leggings":5,"minecraft:diamond_leggings":1,"minecraft:gold_nugget":422,"minecraft:bucket":7,"minecraft:spruce_planks":148,"minecraft:wooden_shovel":1,"minecraft:cobblestone_slab":1927,"minecraft:ender_eye":2,"minecraft:iron_pickaxe":3,"minecraft:melon_slice":6,"minecraft:furnace":6,"minecraft:iron_boots":4,"minecraft:golden_helmet":7,"minecraft:stick":236,"minecraft:torch":10,"minecraft:spruce_stairs":36,"minecraft:porkchop":36,"minecraft:diorite":230,"minecraft:chiseled_nether_bricks":1,"minecraft:quartz_block":6,"minecraft:rotten_flesh":88,"minecraft:carved_pumpkin":2,"minecraft:glowstone":6,"minecraft:end_rod":4,"minecraft:netherite_chestplate":7,"minecraft:blaze_rod":4,"minecraft:obsidian":42,"minecraft:iron_bars":10,"minecraft:snowball":130,"minecraft:cobblestone":4951,"minecraft:magma_block":20,"minecraft:cooked_beef":29,"minecraft:magma_cream":4,"minecraft:water_bucket":2,"minecraft:andesite":212,"minecraft:smoker":1,"minecraft:potato":276,"minecraft:flint":34,"minecraft:stripped_spruce_wood":7,"minecraft:wither_skeleton_skull":1,"minecraft:netherite_leggings":7,"minecraft:lapis_lazuli":18,"minecraft:dirt":607,"minecraft:lantern":5,"minecraft:bone":47,"minecraft:glass":56,"minecraft:bow":5,"minecraft:wheat_seeds":123,"minecraft:netherite_axe":1,"minecraft:diamond_helmet":3,"minecraft:glowstone_dust":125,"minecraft:oak_planks":16,"minecraft:poisonous_potato":6,"minecraft:sand":473,"minecraft:stripped_spruce_log":9,"minecraft:nether_brick_stairs":1,"minecraft:spectral_arrow":63,"minecraft:barrel":19,"minecraft:shulker_box":19,"minecraft:mossy_cobblestone":7,"minecraft:spruce_boat":1,"minecraft:granite":277,"minecraft:golden_apple":1,"minecraft:spruce_button":19,"minecraft:emerald":364,"minecraft:bread":21,"minecraft:oak_sapling":1,"minecraft:netherrack":1726,"minecraft:chorus_fruit":25,"minecraft:crimson_roots":1,"minecraft:diamond_pickaxe":5,"minecraft:end_stone_bricks":5,"minecraft:fishing_rod":2,"minecraft:charcoal":4,"minecraft:crafting_table":14,"minecraft:chicken":1,"minecraft:brown_mushroom":1,"minecraft:gold_block":1,"minecraft:dragon_head":2,"minecraft:purpur_block":4,"minecraft:shield":4,"minecraft:elytra":6,"minecraft:iron_axe":5,"minecraft:flint_and_steel":2,"minecraft:quartz_slab":25,"minecraft:iron_shovel":3,"minecraft:blackstone":91,"minecraft:netherite_sword":7,"minecraft:beef":100,"minecraft:minecart":39,"minecraft:iron_nugget":72,"minecraft:poppy":2,"minecraft:light_gray_wool":2,"minecraft:spruce_slab":71,"minecraft:lectern":101,"minecraft:sugar_cane":17,"minecraft:quartz_stairs":15,"minecraft:chest":10,"minecraft:spruce_trapdoor":25,"minecraft:end_stone":15,"minecraft:stone":2,"minecraft:spruce_fence":1,"minecraft:fire_charge":14,"minecraft:redstone":112,"minecraft:netherite_pickaxe":12,"minecraft:tnt":1,"minecraft:arrow":30,"minecraft:stone_shovel":2,"minecraft:nether_bricks":51,"minecraft:diamond_boots":2,"minecraft:hay_block":33,"minecraft:gold_ingot":1,"minecraft:mutton":3,"minecraft:bone_block":5,"minecraft:rail":613,"minecraft:white_wool":7,"minecraft:netherite_boots":7,"minecraft:leather":56,"minecraft:crimson_fungus":1,"minecraft:purpur_stairs":3,"minecraft:oak_log":37,"minecraft:ancient_debris":3,"minecraft:golden_boots":1,"minecraft:gunpowder":5,"minecraft:cobblestone_stairs":4,"minecraft:cooked_mutton":13,"minecraft:stone_bricks":127,"minecraft:kelp":8,"minecraft:warped_stem":2,"minecraft:iron_ingot":52,"minecraft:stone_pickaxe":9,"minecraft:iron_ore":190,"minecraft:soul_sand":19,"minecraft:iron_sword":2,"minecraft:book":57,"minecraft:tropical_fish_bucket":1,"minecraft:oak_slab":195,"minecraft:warped_fungus":1,"minecraft:pumpkin":2,"minecraft:sweet_berries":5,"minecraft:quartz":557,"minecraft:dandelion":3,"minecraft:gravel":78,"minecraft:spruce_sapling":39,"minecraft:blast_furnace":3,"minecraft:spruce_log":786,"minecraft:nether_brick_slab":22,"minecraft:gold_ore":54,"minecraft:spider_eye":2,"minecraft:crying_obsidian":1,"minecraft:spruce_door":2,"minecraft:firework_rocket":31,"minecraft:diamond_shovel":8,"minecraft:pumpkin_seeds":8,"minecraft:purple_bed":2,"minecraft:stone_axe":11,"minecraft:diamond_axe":1,"minecraft:warped_roots":1,"minecraft:baked_potato":224,"minecraft:black_wool":2,"minecraft:netherite_hoe":1,"minecraft:warped_nylium":1,"minecraft:coal":270,"minecraft:wooden_axe":5,"minecraft:ender_pearl":56},"minecraft:broken":{"minecraft:golden_helmet":1,"minecraft:wooden_shovel":1,"minecraft:fishing_rod":1,"minecraft:shield":1,"minecraft:iron_axe":1,"minecraft:netherite_boots":1},"minecraft:used":{"minecraft:iron_shovel":20,"minecraft:spruce_slab":514,"minecraft:chest":49,"minecraft:shield":75,"minecraft:iron_sword":8,"minecraft:quartz_stairs":23,"minecraft:rotten_flesh":2,"minecraft:soul_sand":5,"minecraft:nether_bricks":134,"minecraft:snowball":66,"minecraft:stripped_spruce_log":8,"minecraft:obsidian":19,"minecraft:spruce_boat":3,"minecraft:glass":15,"minecraft:quartz_slab":94,"minecraft:quartz_block":78,"minecraft:stone_bricks":229,"minecraft:bow":37,"minecraft:sweet_berries":5,"minecraft:oak_sapling":1,"minecraft:furnace":11,"minecraft:potato":143,"minecraft:dragon_head":1,"minecraft:seagrass":2,"minecraft:stripped_spruce_wood":7,"minecraft:diorite":37,"minecraft:end_stone_bricks":5,"minecraft:chorus_fruit":1,"minecraft:stone_pickaxe":18,"minecraft:ender_pearl":14,"minecraft:diamond_axe":10,"minecraft:sugar_cane":3,"minecraft:purpur_stairs":1,"minecraft:sand":4,"minecraft:blast_furnace":7,"minecraft:end_stone":13,"minecraft:bread":69,"minecraft:lectern":102,"minecraft:diamond_sword":6,"minecraft:andesite":32,"minecraft:tropical_fish_bucket":1,"minecraft:netherite_sword":1074,"minecraft:flint_and_steel":3,"minecraft:stone_shovel":50,"minecraft:spruce_planks":60,"minecraft:wooden_shovel":68,"minecraft:netherrack":775,"minecraft:torch":2,"minecraft:dirt":560,"minecraft:spruce_stairs":66,"minecraft:nether_brick_slab":270,"minecraft:shulker_box":14,"minecraft:granite":34,"minecraft:nether_brick_stairs":5,"minecraft:wooden_axe":18,"minecraft:bookshelf":32,"minecraft:iron_axe":512,"minecraft:spruce_button":15,"minecraft:barrel":33,"minecraft:glowstone":36,"minecraft:soul_soil":20,"minecraft:netherite_pickaxe":7506,"minecraft:minecart":39,"minecraft:cooked_beef":35,"minecraft:pumpkin":2,"minecraft:cooked_mutton":8,"minecraft:wheat_seeds":9,"minecraft:water_bucket":75,"minecraft:nether_brick_wall":12,"minecraft:iron_ore":5,"minecraft:baked_potato":160,"minecraft:chiseled_nether_bricks":1,"minecraft:cobblestone_slab":1399,"minecraft:rail":555,"minecraft:tnt":22,"minecraft:crafting_table":12,"minecraft:smoker":6,"minecraft:spruce_log":93,"minecraft:oak_log":1,"minecraft:ender_eye":2,"minecraft:diamond_pickaxe":290,"minecraft:diamond_shovel":370,"minecraft:netherite_axe":133,"minecraft:spruce_trapdoor":30,"minecraft:stone_axe":11,"minecraft:fishing_rod":18,"minecraft:crimson_fungus":1,"minecraft:cobblestone":490,"minecraft:potion":1,"minecraft:purple_bed":2,"minecraft:cooked_porkchop":1,"minecraft:bucket":77,"minecraft:dandelion":3},"minecraft:killed":{"minecraft:spider":3,"minecraft:shulker":4,"minecraft:skeleton":26,"minecraft:chicken":1,"minecraft:silverfish":8,"minecraft:turtle":3,"minecraft:magma_cube":24,"minecraft:piglin":9,"minecraft:pig":16,"minecraft:creeper":9,"minecraft:sheep":3,"minecraft:donkey":2,"minecraft:zombie":87,"minecraft:blaze":12,"minecraft:cow":55,"minecraft:horse":4,"minecraft:drowned":2,"minecraft:bat":1,"minecraft:wither_skeleton":9,"minecraft:villager":1,"minecraft:enderman":51},"minecraft:crafted":{"minecraft:smooth_stone":36,"minecraft:cobblestone_slab":1476,"minecraft:barrel":19,"minecraft:stone":112,"minecraft:bookshelf":44,"minecraft:nether_brick":1046,"minecraft:warped_planks":8,"minecraft:quartz_block":135,"minecraft:nether_brick_wall":12,"minecraft:bow":1,"minecraft:chest":39,"minecraft:rail":48,"minecraft:stone_bricks":96,"minecraft:smoker":6,"minecraft:quartz_stairs":8,"minecraft:wooden_shovel":2,"minecraft:emerald":62,"minecraft:cooked_porkchop":1,"minecraft:crafting_table":11,"minecraft:chiseled_nether_bricks":17,"minecraft:spruce_planks":1088,"minecraft:baked_potato":140,"minecraft:hay_block":9,"minecraft:tnt":22,"minecraft:spruce_trapdoor":26,"minecraft:lectern":11,"minecraft:book":1,"minecraft:paper":3,"minecraft:stick":40,"minecraft:iron_ingot":65,"minecraft:gold_ingot":53,"minecraft:netherite_ingot":1,"minecraft:shears":1,"minecraft:nether_brick_slab":294,"minecraft:stone_shovel":1,"minecraft:fishing_rod":1,"minecraft:smooth_stone_slab":36,"minecraft:spruce_button":7,"minecraft:furnace":19,"minecraft:blast_furnace":6,"minecraft:bone_meal":72,"minecraft:flint_and_steel":1,"minecraft:spruce_stairs":32,"minecraft:iron_axe":3,"minecraft:spruce_slab":582,"minecraft:quartz_slab":102,"minecraft:spruce_boat":2,"minecraft:minecart":2,"minecraft:wheat":216,"minecraft:cooked_beef":35,"minecraft:sugar":1,"minecraft:nether_bricks":261,"minecraft:bucket":5,"minecraft:glowstone":30,"minecraft:enchanted_book":5,"minecraft:bread":56,"minecraft:air":0,"minecraft:fermented_spider_eye":1,"minecraft:nether_brick_stairs":8},"minecraft:killed_by":{"minecraft:zombie":2,"minecraft:player":3,"minecraft:enderman":1,"minecraft:ender_dragon":1,"minecraft:phantom":1},"minecraft:custom":{"minecraft:interact_with_crafting_table":109,"minecraft:open_barrel":4,"minecraft:open_shulker_box":85,"minecraft:leave_game":64,"minecraft:time_since_death":42544,"minecraft:sprint_one_cm":1989080,"minecraft:damage_blocked_by_shield":3110,"minecraft:drop":276,"minecraft:talked_to_villager":303,"minecraft:deaths":10,"minecraft:jump":13169,"minecraft:interact_with_brewingstand":2,"minecraft:walk_on_water_one_cm":82266,"minecraft:interact_with_furnace":158,"minecraft:traded_with_villager":101,"minecraft:play_one_minute":823818,"minecraft:sleep_in_bed":12,"minecraft:open_enderchest":17,"minecraft:damage_dealt":61168,"minecraft:crouch_one_cm":422582,"minecraft:interact_with_smoker":23,"minecraft:mob_kills":333,"minecraft:interact_with_anvil":4,"minecraft:climb_one_cm":7615,"minecraft:walk_one_cm":2233788,"minecraft:sneak_time":91034,"minecraft:walk_under_water_one_cm":24814,"minecraft:boat_one_cm":40910,"minecraft:interact_with_blast_furnace":13,"minecraft:time_since_rest":9114,"minecraft:damage_taken":16303,"minecraft:minecart_one_cm":512,"minecraft:swim_one_cm":90864,"minecraft:fly_one_cm":2460017,"minecraft:open_chest":259,"minecraft:aviate_one_cm":529865,"minecraft:fall_one_cm":396102}},"DataVersion":2586}