{"stats":{"minecraft:dropped":{"minecraft:iron_sword":1,"minecraft:soul_sand":17,"minecraft:lapis_lazuli":18,"minecraft:cooked_beef":3,"minecraft:baked_potato":16,"minecraft:glass_bottle":1,"minecraft:ender_pearl":7,"minecraft:leather":2,"minecraft:rail":26,"minecraft:flint":8,"minecraft:cobblestone_stairs":1,"minecraft:dirt":28,"minecraft:crimson_roots":1,"minecraft:gold_nugget":5,"minecraft:bone_meal":45,"minecraft:sand":5,"minecraft:iron_pickaxe":1,"minecraft:fermented_spider_eye":1,"minecraft:gold_ingot":26,"minecraft:bone":15,"minecraft:tropical_fish_bucket":1,"minecraft:gravel":67,"minecraft:stone_axe":1,"minecraft:blackstone":39,"minecraft:purpur_block":4,"minecraft:sugar_cane":2,"minecraft:nether_brick":10,"minecraft:wheat":2,"minecraft:rotten_flesh":35,"minecraft:oak_planks":2,"minecraft:glowstone_dust":3,"minecraft:gunpowder":5,"minecraft:charcoal":2,"minecraft:white_dye":1,"minecraft:spruce_slab":8,"minecraft:iron_bars":10,"minecraft:arrow":5,"minecraft:netherrack":57,"minecraft:lectern":2,"minecraft:enchanted_book":1,"minecraft:water_bucket":1,"minecraft:golden_boots":1,"minecraft:iron_ingot":10,"minecraft:netherite_pickaxe":4,"minecraft:wheat_seeds":84,"minecraft:mossy_cobblestone":1,"minecraft:golden_horse_armor":1,"minecraft:poisonous_potato":2,"minecraft:netherite_axe":1,"minecraft:book":1,"minecraft:cobblestone":126,"minecraft:granite":160,"minecraft:spruce_button":5,"minecraft:spruce_door":1,"minecraft:spruce_stairs":2,"minecraft:coal":90,"minecraft:stick":7,"minecraft:end_rod":2,"minecraft:diorite":173,"minecraft:torch":3,"minecraft:diamond_helmet":1,"minecraft:fire_charge":2,"minecraft:iron_leggings":2,"minecraft:string":4,"minecraft:bucket":5,"minecraft:spruce_sapling":12,"minecraft:kelp":8,"minecraft:netherite_hoe":1,"minecraft:blaze_rod":2,"minecraft:composter":1,"minecraft:wither_skeleton_skull":1,"minecraft:light_gray_wool":1,"minecraft:iron_boots":1,"minecraft:smoker":1,"minecraft:nether_bricks":3,"minecraft:spruce_fence":3,"minecraft:shulker_box":1,"minecraft:pumpkin_seeds":9,"minecraft:potato":9,"minecraft:cobblestone_slab":704,"minecraft:hay_block":4,"minecraft:spruce_trapdoor":5,"minecraft:spruce_planks":21,"minecraft:diamond_pickaxe":1,"minecraft:andesite":57,"minecraft:wooden_shovel":2,"minecraft:carved_pumpkin":1,"minecraft:barrel":1,"minecraft:spruce_log":7,"minecraft:bow":2,"minecraft:stone_pickaxe":2,"minecraft:magma_cream":4,"minecraft:magma_block":20,"minecraft:black_wool":1},"minecraft:mined":{"minecraft:dragon_wall_head":1,"minecraft:spruce_planks":5,"minecraft:cobblestone_stairs":1,"minecraft:brewing_stand":1,"minecraft:carved_pumpkin":2,"minecraft:obsidian":7,"minecraft:spruce_trapdoor":9,"minecraft:granite":218,"minecraft:grass_block":84,"minecraft:soul_soil":20,"minecraft:spawner":1,"minecraft:tall_seagrass":1,"minecraft:glowstone":37,"minecraft:fire":16,"minecraft:iron_ore":86,"minecraft:barrel":17,"minecraft:pumpkin":2,"minecraft:end_stone_bricks":7,"minecraft:spruce_slab":41,"minecraft:brown_mushroom":1,"minecraft:smoker":1,"minecraft:purpur_stairs":6,"minecraft:torch":2,"minecraft:blast_furnace":1,"minecraft:melon":14,"minecraft:nether_brick_slab":5,"minecraft:nether_quartz_ore":264,"minecraft:glass":2,"minecraft:cobblestone":42,"minecraft:grindstone":2,"minecraft:sugar_cane":10,"minecraft:seagrass":1,"minecraft:warped_nylium":2,"minecraft:wheat":35,"minecraft:purpur_block":4,"minecraft:grass":59,"minecraft:oak_log":1,"minecraft:sand":58,"minecraft:dirt":56,"minecraft:infested_cracked_stone_bricks":1,"minecraft:netherrack":860,"minecraft:oak_leaves":1,"minecraft:nether_gold_ore":76,"minecraft:mossy_cobblestone":1,"minecraft:shulker_box":19,"minecraft:end_stone":3,"minecraft:nether_bricks":2,"minecraft:spruce_leaves":165,"minecraft:large_fern":18,"minecraft:hay_block":19,"minecraft:redstone_ore":6,"minecraft:snow":68,"minecraft:andesite":101,"minecraft:stripped_spruce_log":9,"minecraft:gold_block":1,"minecraft:bookshelf":7,"minecraft:potatoes":103,"minecraft:rail":282,"minecraft:cobblestone_slab":68,"minecraft:warped_stem":2,"minecraft:chorus_plant":1,"minecraft:stone":4240,"minecraft:bone_block":6,"minecraft:ender_chest":1,"minecraft:chiseled_nether_bricks":1,"minecraft:dandelion":3,"minecraft:crafting_table":2,"minecraft:cornflower":1,"minecraft:warped_roots":1,"minecraft:lectern":55,"minecraft:purpur_pillar":2,"minecraft:tall_grass":6,"minecraft:lapis_ore":2,"minecraft:diorite":198,"minecraft:spruce_stairs":29,"minecraft:stripped_spruce_wood":7,"minecraft:spruce_log":279,"minecraft:grass_path":8,"minecraft:coal_ore":47,"minecraft:end_rod":7,"minecraft:gravel":93,"minecraft:stone_bricks":86,"minecraft:gold_ore":24,"minecraft:fern":5,"minecraft:infested_stone":8},"minecraft:picked_up":{"minecraft:shulker_shell":6,"minecraft:seagrass":2,"minecraft:iron_chestplate":2,"minecraft:wheat":35,"minecraft:lead":1,"minecraft:potion":3,"minecraft:nether_brick":10,"minecraft:brewing_stand":2,"minecraft:string":98,"minecraft:soul_soil":20,"minecraft:iron_leggings":5,"minecraft:diamond_leggings":1,"minecraft:gold_nugget":417,"minecraft:bucket":7,"minecraft:spruce_planks":136,"minecraft:cobblestone_slab":1927,"minecraft:ender_eye":2,"minecraft:wooden_shovel":1,"minecraft:iron_pickaxe":3,"minecraft:melon_slice":6,"minecraft:furnace":2,"minecraft:iron_boots":4,"minecraft:golden_helmet":7,"minecraft:stick":234,"minecraft:torch":7,"minecraft:spruce_stairs":36,"minecraft:porkchop":13,"minecraft:diorite":218,"minecraft:chiseled_nether_bricks":1,"minecraft:rotten_flesh":72,"minecraft:carved_pumpkin":2,"minecraft:glowstone":6,"minecraft:end_rod":4,"minecraft:netherite_chestplate":7,"minecraft:blaze_rod":4,"minecraft:obsidian":22,"minecraft:iron_bars":10,"minecraft:snowball":130,"minecraft:cobblestone":4411,"minecraft:magma_block":20,"minecraft:cooked_beef":29,"minecraft:magma_cream":4,"minecraft:water_bucket":2,"minecraft:andesite":199,"minecraft:smoker":1,"minecraft:potato":275,"minecraft:flint":33,"minecraft:stripped_spruce_wood":7,"minecraft:wither_skeleton_skull":1,"minecraft:netherite_leggings":7,"minecraft:lapis_lazuli":18,"minecraft:dirt":550,"minecraft:lantern":5,"minecraft:glass":56,"minecraft:bone":39,"minecraft:bow":5,"minecraft:wheat_seeds":120,"minecraft:netherite_axe":1,"minecraft:diamond_helmet":3,"minecraft:glowstone_dust":114,"minecraft:oak_planks":3,"minecraft:poisonous_potato":6,"minecraft:sand":311,"minecraft:stripped_spruce_log":8,"minecraft:spectral_arrow":63,"minecraft:barrel":18,"minecraft:shulker_box":19,"minecraft:mossy_cobblestone":6,"minecraft:spruce_boat":1,"minecraft:granite":270,"minecraft:golden_apple":1,"minecraft:spruce_button":16,"minecraft:emerald":234,"minecraft:bread":21,"minecraft:oak_sapling":1,"minecraft:netherrack":1529,"minecraft:chorus_fruit":25,"minecraft:charcoal":4,"minecraft:crimson_roots":1,"minecraft:diamond_pickaxe":5,"minecraft:end_stone_bricks":5,"minecraft:fishing_rod":2,"minecraft:crafting_table":12,"minecraft:chicken":1,"minecraft:brown_mushroom":1,"minecraft:gold_block":1,"minecraft:dragon_head":2,"minecraft:purpur_block":4,"minecraft:shield":4,"minecraft:elytra":6,"minecraft:iron_axe":5,"minecraft:flint_and_steel":2,"minecraft:iron_shovel":3,"minecraft:blackstone":91,"minecraft:netherite_sword":7,"minecraft:beef":36,"minecraft:poppy":2,"minecraft:iron_nugget":72,"minecraft:minecart":28,"minecraft:light_gray_wool":2,"minecraft:spruce_slab":53,"minecraft:lectern":62,"minecraft:sugar_cane":17,"minecraft:spruce_trapdoor":22,"minecraft:end_stone":15,"minecraft:stone":2,"minecraft:spruce_fence":1,"minecraft:fire_charge":14,"minecraft:redstone":27,"minecraft:netherite_pickaxe":11,"minecraft:arrow":26,"minecraft:stone_shovel":2,"minecraft:nether_bricks":6,"minecraft:diamond_boots":2,"minecraft:hay_block":33,"minecraft:gold_ingot":1,"minecraft:mutton":3,"minecraft:bone_block":5,"minecraft:rail":340,"minecraft:white_wool":7,"minecraft:netherite_boots":7,"minecraft:leather":18,"minecraft:crimson_fungus":1,"minecraft:purpur_stairs":3,"minecraft:oak_log":37,"minecraft:ancient_debris":3,"minecraft:golden_boots":1,"minecraft:gunpowder":4,"minecraft:cobblestone_stairs":4,"minecraft:cooked_mutton":13,"minecraft:stone_bricks":125,"minecraft:kelp":8,"minecraft:warped_stem":2,"minecraft:iron_ingot":52,"minecraft:stone_pickaxe":9,"minecraft:iron_ore":187,"minecraft:soul_sand":19,"minecraft:iron_sword":2,"minecraft:book":25,"minecraft:tropical_fish_bucket":1,"minecraft:oak_slab":180,"minecraft:pumpkin":2,"minecraft:sweet_berries":5,"minecraft:quartz":552,"minecraft:dandelion":3,"minecraft:gravel":73,"minecraft:spruce_sapling":37,"minecraft:blast_furnace":3,"minecraft:nether_brick_slab":6,"minecraft:spruce_log":733,"minecraft:gold_ore":32,"minecraft:spruce_door":2,"minecraft:spider_eye":2,"minecraft:firework_rocket":31,"minecraft:diamond_shovel":8,"minecraft:pumpkin_seeds":8,"minecraft:purple_bed":2,"minecraft:stone_axe":11,"minecraft:baked_potato":167,"minecraft:black_wool":2,"minecraft:netherite_hoe":1,"minecraft:warped_nylium":1,"minecraft:coal":141,"minecraft:wooden_axe":5,"minecraft:ender_pearl":56},"minecraft:broken":{"minecraft:golden_helmet":1,"minecraft:wooden_shovel":1,"minecraft:fishing_rod":1,"minecraft:shield":1,"minecraft:netherite_boots":1},"minecraft:used":{"minecraft:iron_shovel":20,"minecraft:spruce_slab":488,"minecraft:chest":3,"minecraft:shield":75,"minecraft:rotten_flesh":2,"minecraft:soul_sand":5,"minecraft:snowball":66,"minecraft:stripped_spruce_log":8,"minecraft:spruce_boat":3,"minecraft:glass":15,"minecraft:stone_bricks":228,"minecraft:bow":37,"minecraft:sweet_berries":5,"minecraft:oak_sapling":1,"minecraft:potato":143,"minecraft:dragon_head":1,"minecraft:seagrass":2,"minecraft:stripped_spruce_wood":7,"minecraft:diorite":37,"minecraft:end_stone_bricks":5,"minecraft:chorus_fruit":1,"minecraft:stone_pickaxe":18,"minecraft:ender_pearl":14,"minecraft:sugar_cane":3,"minecraft:sand":4,"minecraft:purpur_stairs":1,"minecraft:blast_furnace":1,"minecraft:end_stone":13,"minecraft:bread":69,"minecraft:lectern":61,"minecraft:diamond_sword":6,"minecraft:andesite":32,"minecraft:tropical_fish_bucket":1,"minecraft:netherite_sword":901,"minecraft:stone_shovel":50,"minecraft:spruce_planks":55,"minecraft:wooden_shovel":68,"minecraft:netherrack":763,"minecraft:dirt":486,"minecraft:spruce_stairs":66,"minecraft:nether_brick_slab":97,"minecraft:shulker_box":14,"minecraft:granite":34,"minecraft:wooden_axe":18,"minecraft:bookshelf":22,"minecraft:iron_axe":393,"minecraft:spruce_button":10,"minecraft:barrel":30,"minecraft:glowstone":15,"minecraft:soul_soil":20,"minecraft:netherite_pickaxe":6407,"minecraft:minecart":28,"minecraft:cooked_beef":35,"minecraft:pumpkin":2,"minecraft:wheat_seeds":9,"minecraft:cooked_mutton":8,"minecraft:water_bucket":72,"minecraft:iron_ore":5,"minecraft:baked_potato":108,"minecraft:chiseled_nether_bricks":1,"minecraft:cobblestone_slab":1399,"minecraft:rail":292,"minecraft:tnt":10,"minecraft:crafting_table":6,"minecraft:spruce_log":93,"minecraft:oak_log":1,"minecraft:ender_eye":2,"minecraft:diamond_pickaxe":290,"minecraft:diamond_shovel":205,"minecraft:netherite_axe":133,"minecraft:spruce_trapdoor":21,"minecraft:stone_axe":11,"minecraft:fishing_rod":18,"minecraft:crimson_fungus":1,"minecraft:cobblestone":347,"minecraft:potion":1,"minecraft:purple_bed":2,"minecraft:cooked_porkchop":1,"minecraft:bucket":74,"minecraft:dandelion":3},"minecraft:killed":{"minecraft:spider":3,"minecraft:shulker":4,"minecraft:skeleton":23,"minecraft:chicken":1,"minecraft:silverfish":8,"minecraft:turtle":1,"minecraft:magma_cube":24,"minecraft:piglin":9,"minecraft:pig":4,"minecraft:creeper":7,"minecraft:sheep":3,"minecraft:zombie":67,"minecraft:blaze":12,"minecraft:cow":15,"minecraft:drowned":2,"minecraft:wither_skeleton":9,"minecraft:villager":1,"minecraft:enderman":51},"minecraft:crafted":{"minecraft:cobblestone_slab":1476,"minecraft:barrel":13,"minecraft:stone":72,"minecraft:nether_brick":256,"minecraft:bookshelf":24,"minecraft:warped_planks":8,"minecraft:quartz_block":135,"minecraft:bow":1,"minecraft:chest":3,"minecraft:rail":48,"minecraft:stone_bricks":96,"minecraft:wooden_shovel":2,"minecraft:emerald":62,"minecraft:cooked_porkchop":1,"minecraft:crafting_table":6,"minecraft:chiseled_nether_bricks":17,"minecraft:spruce_planks":604,"minecraft:baked_potato":131,"minecraft:hay_block":9,"minecraft:tnt":11,"minecraft:spruce_trapdoor":16,"minecraft:lectern":1,"minecraft:book":1,"minecraft:paper":3,"minecraft:stick":32,"minecraft:iron_ingot":64,"minecraft:gold_ingot":53,"minecraft:netherite_ingot":1,"minecraft:shears":1,"minecraft:nether_brick_slab":126,"minecraft:stone_shovel":1,"minecraft:fishing_rod":1,"minecraft:spruce_button":4,"minecraft:bone_meal":72,"minecraft:spruce_stairs":32,"minecraft:iron_axe":2,"minecraft:spruce_slab":492,"minecraft:spruce_boat":2,"minecraft:minecart":2,"minecraft:wheat":216,"minecraft:cooked_beef":35,"minecraft:sugar":1,"minecraft:nether_bricks":64,"minecraft:bucket":5,"minecraft:glowstone":12,"minecraft:enchanted_book":4,"minecraft:bread":56,"minecraft:air":0,"minecraft:fermented_spider_eye":1},"minecraft:killed_by":{"minecraft:zombie":2,"minecraft:player":2,"minecraft:enderman":1,"minecraft:ender_dragon":1,"minecraft:phantom":1},"minecraft:custom":{"minecraft:interact_with_crafting_table":64,"minecraft:open_barrel":4,"minecraft:open_shulker_box":72,"minecraft:leave_game":59,"minecraft:time_since_death":89629,"minecraft:sprint_one_cm":1480131,"minecraft:damage_blocked_by_shield":3110,"minecraft:drop":246,"minecraft:talked_to_villager":221,"minecraft:deaths":9,"minecraft:jump":10656,"minecraft:interact_with_brewingstand":2,"minecraft:walk_on_water_one_cm":76274,"minecraft:interact_with_furnace":65,"minecraft:traded_with_villager":90,"minecraft:play_one_minute":681959,"minecraft:sleep_in_bed":8,"minecraft:open_enderchest":14,"minecraft:damage_dealt":49239,"minecraft:crouch_one_cm":370763,"minecraft:interact_with_smoker":19,"minecraft:mob_kills":247,"minecraft:interact_with_anvil":4,"minecraft:climb_one_cm":6897,"minecraft:walk_one_cm":1771228,"minecraft:sneak_time":79128,"minecraft:walk_under_water_one_cm":23090,"minecraft:boat_one_cm":40910,"minecraft:interact_with_blast_furnace":12,"minecraft:time_since_rest":17089,"minecraft:damage_taken":14252,"minecraft:minecart_one_cm":512,"minecraft:swim_one_cm":76495,"minecraft:fly_one_cm":1978188,"minecraft:open_chest":177,"minecraft:aviate_one_cm":529865,"minecraft:fall_one_cm":312895}},"DataVersion":2586}