{"stats":{"minecraft:dropped":{"minecraft:iron_sword":1,"minecraft:soul_sand":17,"minecraft:lapis_lazuli":18,"minecraft:cooked_beef":3,"minecraft:glass_bottle":1,"minecraft:ender_pearl":7,"minecraft:leather":2,"minecraft:flint":8,"minecraft:cobblestone_stairs":1,"minecraft:dirt":28,"minecraft:crimson_roots":1,"minecraft:gold_nugget":5,"minecraft:bone_meal":45,"minecraft:sand":4,"minecraft:iron_pickaxe":1,"minecraft:gold_ingot":26,"minecraft:bone":14,"minecraft:tropical_fish_bucket":1,"minecraft:gravel":67,"minecraft:stone_axe":1,"minecraft:purpur_block":4,"minecraft:blackstone":39,"minecraft:sugar_cane":2,"minecraft:nether_brick":10,"minecraft:wheat":2,"minecraft:rotten_flesh":30,"minecraft:oak_planks":2,"minecraft:glowstone_dust":3,"minecraft:gunpowder":2,"minecraft:white_dye":1,"minecraft:spruce_slab":8,"minecraft:iron_bars":10,"minecraft:arrow":4,"minecraft:netherrack":51,"minecraft:lectern":1,"minecraft:water_bucket":1,"minecraft:golden_boots":1,"minecraft:iron_ingot":10,"minecraft:netherite_pickaxe":3,"minecraft:wheat_seeds":84,"minecraft:golden_horse_armor":1,"minecraft:book":1,"minecraft:cobblestone":104,"minecraft:granite":160,"minecraft:spruce_button":4,"minecraft:coal":42,"minecraft:end_rod":2,"minecraft:diorite":173,"minecraft:torch":3,"minecraft:diamond_helmet":1,"minecraft:fire_charge":2,"minecraft:iron_leggings":2,"minecraft:string":2,"minecraft:spruce_sapling":5,"minecraft:netherite_hoe":1,"minecraft:blaze_rod":2,"minecraft:composter":1,"minecraft:wither_skeleton_skull":1,"minecraft:light_gray_wool":1,"minecraft:iron_boots":1,"minecraft:smoker":1,"minecraft:nether_bricks":3,"minecraft:spruce_fence":3,"minecraft:pumpkin_seeds":9,"minecraft:cobblestone_slab":704,"minecraft:hay_block":4,"minecraft:spruce_trapdoor":1,"minecraft:spruce_planks":21,"minecraft:diamond_pickaxe":1,"minecraft:andesite":57,"minecraft:wooden_shovel":2,"minecraft:carved_pumpkin":1,"minecraft:barrel":1,"minecraft:spruce_log":7,"minecraft:bow":2,"minecraft:stone_pickaxe":2,"minecraft:magma_cream":1,"minecraft:magma_block":20,"minecraft:black_wool":1},"minecraft:mined":{"minecraft:dragon_wall_head":1,"minecraft:spruce_planks":5,"minecraft:brewing_stand":1,"minecraft:carved_pumpkin":2,"minecraft:obsidian":7,"minecraft:spruce_trapdoor":5,"minecraft:granite":218,"minecraft:grass_block":48,"minecraft:soul_soil":20,"minecraft:spawner":1,"minecraft:tall_seagrass":1,"minecraft:glowstone":37,"minecraft:barrel":5,"minecraft:iron_ore":86,"minecraft:fire":12,"minecraft:pumpkin":2,"minecraft:end_stone_bricks":7,"minecraft:spruce_slab":31,"minecraft:smoker":1,"minecraft:purpur_stairs":6,"minecraft:torch":2,"minecraft:blast_furnace":1,"minecraft:melon":14,"minecraft:nether_quartz_ore":6,"minecraft:glass":2,"minecraft:cobblestone":34,"minecraft:sugar_cane":6,"minecraft:seagrass":1,"minecraft:warped_nylium":2,"minecraft:wheat":34,"minecraft:purpur_block":4,"minecraft:grass":59,"minecraft:oak_log":1,"minecraft:sand":4,"minecraft:dirt":32,"minecraft:infested_cracked_stone_bricks":1,"minecraft:netherrack":339,"minecraft:oak_leaves":1,"minecraft:nether_gold_ore":48,"minecraft:end_stone":3,"minecraft:shulker_box":16,"minecraft:nether_bricks":2,"minecraft:spruce_leaves":10,"minecraft:large_fern":9,"minecraft:hay_block":19,"minecraft:redstone_ore":6,"minecraft:snow":68,"minecraft:andesite":73,"minecraft:stripped_spruce_log":9,"minecraft:gold_block":1,"minecraft:potatoes":35,"minecraft:rail":107,"minecraft:cobblestone_slab":52,"minecraft:warped_stem":2,"minecraft:chorus_plant":1,"minecraft:stone":4236,"minecraft:bone_block":6,"minecraft:ender_chest":1,"minecraft:dandelion":3,"minecraft:cornflower":1,"minecraft:warped_roots":1,"minecraft:purpur_pillar":2,"minecraft:tall_grass":6,"minecraft:lapis_ore":2,"minecraft:diorite":198,"minecraft:spruce_stairs":16,"minecraft:stripped_spruce_wood":7,"minecraft:spruce_log":101,"minecraft:grass_path":1,"minecraft:coal_ore":47,"minecraft:end_rod":7,"minecraft:gravel":93,"minecraft:stone_bricks":86,"minecraft:gold_ore":24,"minecraft:fern":4,"minecraft:infested_stone":8},"minecraft:picked_up":{"minecraft:shulker_shell":6,"minecraft:seagrass":2,"minecraft:iron_chestplate":2,"minecraft:wheat":35,"minecraft:potion":3,"minecraft:nether_brick":10,"minecraft:brewing_stand":2,"minecraft:string":1,"minecraft:soul_soil":20,"minecraft:iron_leggings":5,"minecraft:diamond_leggings":1,"minecraft:gold_nugget":197,"minecraft:bucket":5,"minecraft:spruce_planks":94,"minecraft:cobblestone_slab":1910,"minecraft:ender_eye":2,"minecraft:wooden_shovel":1,"minecraft:iron_pickaxe":3,"minecraft:melon_slice":6,"minecraft:furnace":2,"minecraft:iron_boots":4,"minecraft:golden_helmet":7,"minecraft:stick":231,"minecraft:torch":5,"minecraft:spruce_stairs":16,"minecraft:porkchop":13,"minecraft:diorite":218,"minecraft:rotten_flesh":37,"minecraft:carved_pumpkin":2,"minecraft:glowstone":6,"minecraft:end_rod":4,"minecraft:netherite_chestplate":4,"minecraft:blaze_rod":4,"minecraft:obsidian":22,"minecraft:iron_bars":10,"minecraft:snowball":130,"minecraft:cobblestone":4328,"minecraft:magma_block":20,"minecraft:cooked_beef":29,"minecraft:magma_cream":1,"minecraft:water_bucket":1,"minecraft:andesite":131,"minecraft:smoker":1,"minecraft:potato":57,"minecraft:flint":33,"minecraft:stripped_spruce_wood":7,"minecraft:wither_skeleton_skull":1,"minecraft:netherite_leggings":4,"minecraft:lapis_lazuli":18,"minecraft:dirt":207,"minecraft:lantern":5,"minecraft:glass":56,"minecraft:bone":25,"minecraft:bow":3,"minecraft:wheat_seeds":119,"minecraft:diamond_helmet":3,"minecraft:glowstone_dust":114,"minecraft:oak_planks":3,"minecraft:sand":266,"minecraft:stripped_spruce_log":8,"minecraft:spectral_arrow":63,"minecraft:barrel":6,"minecraft:shulker_box":15,"minecraft:spruce_boat":1,"minecraft:granite":268,"minecraft:spruce_button":8,"minecraft:emerald":192,"minecraft:bread":21,"minecraft:oak_sapling":1,"minecraft:netherrack":1035,"minecraft:chorus_fruit":25,"minecraft:crimson_roots":1,"minecraft:diamond_pickaxe":5,"minecraft:end_stone_bricks":5,"minecraft:crafting_table":7,"minecraft:gold_block":1,"minecraft:dragon_head":2,"minecraft:purpur_block":4,"minecraft:shield":4,"minecraft:elytra":3,"minecraft:iron_axe":2,"minecraft:flint_and_steel":2,"minecraft:iron_shovel":3,"minecraft:blackstone":91,"minecraft:netherite_sword":4,"minecraft:beef":36,"minecraft:iron_nugget":72,"minecraft:minecart":14,"minecraft:light_gray_wool":2,"minecraft:spruce_slab":43,"minecraft:lectern":4,"minecraft:sugar_cane":13,"minecraft:spruce_trapdoor":4,"minecraft:end_stone":15,"minecraft:fire_charge":14,"minecraft:redstone":27,"minecraft:netherite_pickaxe":7,"minecraft:arrow":12,"minecraft:stone_shovel":2,"minecraft:nether_bricks":6,"minecraft:diamond_boots":2,"minecraft:hay_block":33,"minecraft:gold_ingot":1,"minecraft:mutton":3,"minecraft:bone_block":5,"minecraft:rail":109,"minecraft:white_wool":7,"minecraft:netherite_boots":4,"minecraft:leather":18,"minecraft:crimson_fungus":1,"minecraft:purpur_stairs":3,"minecraft:oak_log":37,"minecraft:ancient_debris":3,"minecraft:golden_boots":1,"minecraft:gunpowder":4,"minecraft:cooked_mutton":13,"minecraft:stone_bricks":75,"minecraft:warped_stem":2,"minecraft:iron_ingot":50,"minecraft:stone_pickaxe":9,"minecraft:iron_ore":117,"minecraft:soul_sand":19,"minecraft:iron_sword":2,"minecraft:book":1,"minecraft:tropical_fish_bucket":1,"minecraft:oak_slab":180,"minecraft:pumpkin":2,"minecraft:sweet_berries":5,"minecraft:quartz":12,"minecraft:dandelion":3,"minecraft:gravel":73,"minecraft:spruce_sapling":16,"minecraft:blast_furnace":3,"minecraft:spruce_log":500,"minecraft:gold_ore":32,"minecraft:firework_rocket":12,"minecraft:diamond_shovel":5,"minecraft:pumpkin_seeds":8,"minecraft:purple_bed":2,"minecraft:stone_axe":11,"minecraft:baked_potato":67,"minecraft:black_wool":2,"minecraft:netherite_hoe":1,"minecraft:warped_nylium":1,"minecraft:coal":141,"minecraft:wooden_axe":5,"minecraft:ender_pearl":44},"minecraft:broken":{"minecraft:golden_helmet":1,"minecraft:wooden_shovel":1,"minecraft:shield":1},"minecraft:used":{"minecraft:iron_shovel":20,"minecraft:spruce_slab":230,"minecraft:chest":1,"minecraft:shield":75,"minecraft:rotten_flesh":2,"minecraft:soul_sand":5,"minecraft:snowball":66,"minecraft:stripped_spruce_log":8,"minecraft:spruce_boat":3,"minecraft:glass":15,"minecraft:stone_bricks":168,"minecraft:bow":37,"minecraft:sweet_berries":5,"minecraft:oak_sapling":1,"minecraft:potato":58,"minecraft:dragon_head":1,"minecraft:seagrass":2,"minecraft:stripped_spruce_wood":7,"minecraft:diorite":37,"minecraft:end_stone_bricks":5,"minecraft:chorus_fruit":1,"minecraft:stone_pickaxe":18,"minecraft:ender_pearl":14,"minecraft:sugar_cane":3,"minecraft:sand":4,"minecraft:purpur_stairs":1,"minecraft:blast_furnace":1,"minecraft:end_stone":13,"minecraft:bread":69,"minecraft:lectern":3,"minecraft:diamond_sword":6,"minecraft:tropical_fish_bucket":1,"minecraft:netherite_sword":587,"minecraft:stone_shovel":50,"minecraft:spruce_planks":55,"minecraft:wooden_shovel":68,"minecraft:netherrack":711,"minecraft:dirt":48,"minecraft:spruce_stairs":28,"minecraft:shulker_box":11,"minecraft:granite":22,"minecraft:wooden_axe":18,"minecraft:bookshelf":15,"minecraft:iron_axe":226,"minecraft:barrel":10,"minecraft:glowstone":14,"minecraft:soul_soil":20,"minecraft:minecart":15,"minecraft:netherite_pickaxe":5352,"minecraft:cooked_beef":35,"minecraft:pumpkin":2,"minecraft:wheat_seeds":9,"minecraft:cooked_mutton":8,"minecraft:water_bucket":67,"minecraft:iron_ore":5,"minecraft:baked_potato":43,"minecraft:cobblestone_slab":985,"minecraft:rail":119,"minecraft:crafting_table":6,"minecraft:spruce_log":39,"minecraft:oak_log":1,"minecraft:ender_eye":2,"minecraft:diamond_pickaxe":290,"minecraft:diamond_shovel":95,"minecraft:spruce_trapdoor":11,"minecraft:stone_axe":11,"minecraft:crimson_fungus":1,"minecraft:cobblestone":345,"minecraft:potion":1,"minecraft:purple_bed":2,"minecraft:cooked_porkchop":1,"minecraft:bucket":68,"minecraft:dandelion":3},"minecraft:killed":{"minecraft:shulker":4,"minecraft:skeleton":12,"minecraft:silverfish":8,"minecraft:turtle":1,"minecraft:magma_cube":7,"minecraft:piglin":7,"minecraft:pig":4,"minecraft:creeper":3,"minecraft:sheep":3,"minecraft:zombie":29,"minecraft:blaze":12,"minecraft:cow":15,"minecraft:drowned":2,"minecraft:wither_skeleton":9,"minecraft:enderman":51},"minecraft:crafted":{"minecraft:cobblestone_slab":1476,"minecraft:barrel":5,"minecraft:stone":10,"minecraft:bookshelf":16,"minecraft:warped_planks":8,"minecraft:bow":1,"minecraft:chest":1,"minecraft:rail":48,"minecraft:stone_bricks":36,"minecraft:wooden_shovel":2,"minecraft:emerald":23,"minecraft:cooked_porkchop":1,"minecraft:crafting_table":5,"minecraft:spruce_planks":200,"minecraft:baked_potato":12,"minecraft:hay_block":9,"minecraft:spruce_trapdoor":8,"minecraft:book":1,"minecraft:paper":3,"minecraft:stick":24,"minecraft:gold_ingot":21,"minecraft:shears":1,"minecraft:stone_shovel":1,"minecraft:bone_meal":72,"minecraft:spruce_stairs":4,"minecraft:iron_axe":1,"minecraft:spruce_slab":210,"minecraft:spruce_boat":2,"minecraft:minecart":2,"minecraft:wheat":216,"minecraft:cooked_beef":35,"minecraft:glowstone":11,"minecraft:enchanted_book":1,"minecraft:bread":56,"minecraft:air":0},"minecraft:killed_by":{"minecraft:zombie":2,"minecraft:enderman":1,"minecraft:ender_dragon":1,"minecraft:phantom":1},"minecraft:custom":{"minecraft:interact_with_crafting_table":44,"minecraft:open_barrel":3,"minecraft:open_shulker_box":63,"minecraft:leave_game":49,"minecraft:time_since_death":49029,"minecraft:sprint_one_cm":1019115,"minecraft:damage_blocked_by_shield":3110,"minecraft:drop":205,"minecraft:talked_to_villager":63,"minecraft:deaths":6,"minecraft:jump":7759,"minecraft:interact_with_brewingstand":2,"minecraft:walk_on_water_one_cm":73237,"minecraft:interact_with_furnace":10,"minecraft:traded_with_villager":40,"minecraft:play_one_minute":495224,"minecraft:sleep_in_bed":6,"minecraft:open_enderchest":4,"minecraft:damage_dealt":36775,"minecraft:crouch_one_cm":292485,"minecraft:interact_with_smoker":12,"minecraft:mob_kills":169,"minecraft:climb_one_cm":6897,"minecraft:walk_one_cm":1263630,"minecraft:sneak_time":60188,"minecraft:walk_under_water_one_cm":22076,"minecraft:boat_one_cm":40910,"minecraft:interact_with_blast_furnace":10,"minecraft:time_since_rest":48102,"minecraft:damage_taken":10490,"minecraft:swim_one_cm":76495,"minecraft:fly_one_cm":1486738,"minecraft:open_chest":99,"minecraft:aviate_one_cm":256794,"minecraft:fall_one_cm":211193}},"DataVersion":2586}