{"stats":{"minecraft:dropped":{"minecraft:iron_sword":1,"minecraft:soul_sand":17,"minecraft:cooked_beef":3,"minecraft:ender_pearl":5,"minecraft:glass_bottle":1,"minecraft:leather":2,"minecraft:cobblestone_stairs":1,"minecraft:crimson_roots":1,"minecraft:gold_nugget":5,"minecraft:bone_meal":45,"minecraft:sand":4,"minecraft:iron_pickaxe":1,"minecraft:gold_ingot":26,"minecraft:bone":3,"minecraft:stone_axe":1,"minecraft:purpur_block":4,"minecraft:blackstone":39,"minecraft:nether_brick":10,"minecraft:wheat":2,"minecraft:rotten_flesh":16,"minecraft:oak_planks":2,"minecraft:spruce_slab":6,"minecraft:white_dye":1,"minecraft:iron_bars":10,"minecraft:arrow":1,"minecraft:netherrack":51,"minecraft:water_bucket":1,"minecraft:golden_boots":1,"minecraft:iron_ingot":10,"minecraft:netherite_pickaxe":1,"minecraft:wheat_seeds":84,"minecraft:golden_horse_armor":1,"minecraft:cobblestone":6,"minecraft:granite":22,"minecraft:spruce_button":4,"minecraft:coal":1,"minecraft:end_rod":2,"minecraft:diorite":2,"minecraft:torch":3,"minecraft:diamond_helmet":1,"minecraft:fire_charge":2,"minecraft:iron_leggings":2,"minecraft:string":1,"minecraft:spruce_sapling":5,"minecraft:blaze_rod":2,"minecraft:composter":1,"minecraft:wither_skeleton_skull":1,"minecraft:light_gray_wool":1,"minecraft:iron_boots":1,"minecraft:smoker":1,"minecraft:nether_bricks":3,"minecraft:spruce_fence":3,"minecraft:pumpkin_seeds":9,"minecraft:hay_block":4,"minecraft:spruce_trapdoor":1,"minecraft:spruce_planks":1,"minecraft:diamond_pickaxe":1,"minecraft:wooden_shovel":2,"minecraft:carved_pumpkin":1,"minecraft:spruce_log":7,"minecraft:bow":2,"minecraft:stone_pickaxe":2,"minecraft:magma_cream":1,"minecraft:magma_block":20,"minecraft:black_wool":1},"minecraft:mined":{"minecraft:dragon_wall_head":1,"minecraft:spruce_planks":1,"minecraft:brewing_stand":1,"minecraft:obsidian":7,"minecraft:carved_pumpkin":2,"minecraft:grass_block":47,"minecraft:soul_soil":20,"minecraft:spawner":1,"minecraft:fire":12,"minecraft:pumpkin":2,"minecraft:end_stone_bricks":7,"minecraft:spruce_slab":12,"minecraft:smoker":1,"minecraft:purpur_stairs":6,"minecraft:torch":2,"minecraft:blast_furnace":1,"minecraft:melon":14,"minecraft:glass":2,"minecraft:nether_quartz_ore":6,"minecraft:cobblestone":6,"minecraft:sugar_cane":1,"minecraft:seagrass":1,"minecraft:warped_nylium":2,"minecraft:wheat":25,"minecraft:purpur_block":4,"minecraft:grass":59,"minecraft:oak_log":1,"minecraft:sand":4,"minecraft:dirt":25,"minecraft:infested_cracked_stone_bricks":1,"minecraft:netherrack":320,"minecraft:oak_leaves":1,"minecraft:nether_gold_ore":48,"minecraft:end_stone":3,"minecraft:nether_bricks":2,"minecraft:spruce_leaves":2,"minecraft:large_fern":9,"minecraft:hay_block":19,"minecraft:snow":68,"minecraft:stripped_spruce_log":5,"minecraft:gold_block":1,"minecraft:potatoes":35,"minecraft:rail":4,"minecraft:warped_stem":2,"minecraft:chorus_plant":1,"minecraft:bone_block":6,"minecraft:ender_chest":1,"minecraft:dandelion":3,"minecraft:cornflower":1,"minecraft:warped_roots":1,"minecraft:purpur_pillar":2,"minecraft:tall_grass":6,"minecraft:spruce_stairs":5,"minecraft:stripped_spruce_wood":7,"minecraft:spruce_log":40,"minecraft:grass_path":1,"minecraft:end_rod":7,"minecraft:stone_bricks":38,"minecraft:fern":4},"minecraft:picked_up":{"minecraft:shulker_shell":6,"minecraft:iron_chestplate":2,"minecraft:wheat":26,"minecraft:potion":3,"minecraft:nether_brick":10,"minecraft:brewing_stand":2,"minecraft:soul_soil":20,"minecraft:iron_leggings":5,"minecraft:diamond_leggings":1,"minecraft:gold_nugget":197,"minecraft:bucket":4,"minecraft:spruce_planks":91,"minecraft:ender_eye":2,"minecraft:wooden_shovel":1,"minecraft:iron_pickaxe":3,"minecraft:melon_slice":6,"minecraft:iron_boots":4,"minecraft:furnace":2,"minecraft:golden_helmet":7,"minecraft:stick":231,"minecraft:torch":3,"minecraft:spruce_stairs":5,"minecraft:porkchop":13,"minecraft:diorite":4,"minecraft:rotten_flesh":17,"minecraft:carved_pumpkin":2,"minecraft:end_rod":4,"minecraft:netherite_chestplate":3,"minecraft:blaze_rod":4,"minecraft:obsidian":22,"minecraft:snowball":130,"minecraft:iron_bars":10,"minecraft:cobblestone":165,"minecraft:magma_block":20,"minecraft:water_bucket":1,"minecraft:cooked_beef":29,"minecraft:magma_cream":1,"minecraft:andesite":60,"minecraft:smoker":1,"minecraft:potato":57,"minecraft:flint":25,"minecraft:stripped_spruce_wood":7,"minecraft:wither_skeleton_skull":1,"minecraft:netherite_leggings":3,"minecraft:dirt":164,"minecraft:lantern":5,"minecraft:glass":56,"minecraft:bone":14,"minecraft:bow":3,"minecraft:wheat_seeds":92,"minecraft:diamond_helmet":3,"minecraft:oak_planks":3,"minecraft:sand":266,"minecraft:stripped_spruce_log":4,"minecraft:spectral_arrow":63,"minecraft:spruce_boat":1,"minecraft:granite":36,"minecraft:spruce_button":8,"minecraft:bread":7,"minecraft:oak_sapling":1,"minecraft:netherrack":1016,"minecraft:chorus_fruit":25,"minecraft:crimson_roots":1,"minecraft:diamond_pickaxe":5,"minecraft:end_stone_bricks":5,"minecraft:crafting_table":7,"minecraft:gold_block":1,"minecraft:dragon_head":2,"minecraft:purpur_block":4,"minecraft:shield":4,"minecraft:elytra":2,"minecraft:iron_axe":2,"minecraft:flint_and_steel":2,"minecraft:iron_shovel":3,"minecraft:blackstone":91,"minecraft:netherite_sword":3,"minecraft:beef":36,"minecraft:iron_nugget":72,"minecraft:light_gray_wool":2,"minecraft:spruce_slab":24,"minecraft:minecart":2,"minecraft:sugar_cane":8,"minecraft:end_stone":15,"minecraft:fire_charge":14,"minecraft:netherite_pickaxe":4,"minecraft:arrow":4,"minecraft:stone_shovel":2,"minecraft:nether_bricks":6,"minecraft:diamond_boots":2,"minecraft:hay_block":33,"minecraft:gold_ingot":1,"minecraft:mutton":3,"minecraft:bone_block":5,"minecraft:rail":4,"minecraft:white_wool":7,"minecraft:netherite_boots":3,"minecraft:leather":18,"minecraft:crimson_fungus":1,"minecraft:purpur_stairs":3,"minecraft:oak_log":37,"minecraft:ancient_debris":3,"minecraft:golden_boots":1,"minecraft:gunpowder":2,"minecraft:cooked_mutton":13,"minecraft:stone_bricks":37,"minecraft:warped_stem":2,"minecraft:iron_ingot":50,"minecraft:stone_pickaxe":9,"minecraft:iron_ore":33,"minecraft:soul_sand":19,"minecraft:iron_sword":2,"minecraft:oak_slab":180,"minecraft:pumpkin":2,"minecraft:sweet_berries":5,"minecraft:quartz":12,"minecraft:dandelion":3,"minecraft:gravel":6,"minecraft:spruce_sapling":16,"minecraft:blast_furnace":3,"minecraft:spruce_log":443,"minecraft:gold_ore":8,"minecraft:diamond_shovel":3,"minecraft:pumpkin_seeds":8,"minecraft:purple_bed":2,"minecraft:stone_axe":11,"minecraft:baked_potato":13,"minecraft:black_wool":2,"minecraft:warped_nylium":1,"minecraft:coal":52,"minecraft:wooden_axe":5,"minecraft:ender_pearl":36},"minecraft:broken":{"minecraft:golden_helmet":1,"minecraft:wooden_shovel":1,"minecraft:shield":1},"minecraft:used":{"minecraft:iron_shovel":20,"minecraft:spruce_slab":51,"minecraft:shield":75,"minecraft:rotten_flesh":2,"minecraft:soul_sand":5,"minecraft:snowball":66,"minecraft:stripped_spruce_log":2,"minecraft:spruce_boat":3,"minecraft:glass":15,"minecraft:stone_bricks":37,"minecraft:bow":37,"minecraft:sweet_berries":5,"minecraft:oak_sapling":1,"minecraft:potato":58,"minecraft:dragon_head":1,"minecraft:stripped_spruce_wood":7,"minecraft:end_stone_bricks":5,"minecraft:stone_pickaxe":18,"minecraft:chorus_fruit":1,"minecraft:ender_pearl":10,"minecraft:sugar_cane":3,"minecraft:sand":4,"minecraft:purpur_stairs":1,"minecraft:blast_furnace":1,"minecraft:end_stone":13,"minecraft:bread":39,"minecraft:diamond_sword":6,"minecraft:netherite_sword":432,"minecraft:stone_shovel":50,"minecraft:spruce_planks":53,"minecraft:wooden_shovel":68,"minecraft:netherrack":693,"minecraft:dirt":42,"minecraft:spruce_stairs":5,"minecraft:wooden_axe":18,"minecraft:iron_axe":80,"minecraft:soul_soil":20,"minecraft:minecart":2,"minecraft:netherite_pickaxe":177,"minecraft:cooked_beef":31,"minecraft:pumpkin":2,"minecraft:cooked_mutton":8,"minecraft:water_bucket":21,"minecraft:iron_ore":5,"minecraft:baked_potato":35,"minecraft:rail":19,"minecraft:crafting_table":5,"minecraft:spruce_log":1,"minecraft:oak_log":1,"minecraft:ender_eye":2,"minecraft:diamond_pickaxe":290,"minecraft:spruce_trapdoor":1,"minecraft:stone_axe":11,"minecraft:crimson_fungus":1,"minecraft:cobblestone":6,"minecraft:potion":1,"minecraft:purple_bed":2,"minecraft:cooked_porkchop":1,"minecraft:bucket":22,"minecraft:dandelion":3},"minecraft:crafted":{"minecraft:warped_planks":8,"minecraft:bow":1,"minecraft:rail":48,"minecraft:stone_bricks":24,"minecraft:wooden_shovel":2,"minecraft:cooked_porkchop":1,"minecraft:crafting_table":5,"minecraft:spruce_planks":72,"minecraft:baked_potato":12,"minecraft:hay_block":9,"minecraft:spruce_trapdoor":2,"minecraft:stick":20,"minecraft:gold_ingot":21,"minecraft:shears":1,"minecraft:stone_shovel":1,"minecraft:bone_meal":72,"minecraft:iron_axe":1,"minecraft:spruce_slab":60,"minecraft:spruce_boat":2,"minecraft:minecart":1,"minecraft:wheat":153,"minecraft:cooked_beef":35,"minecraft:bread":32,"minecraft:air":0},"minecraft:killed":{"minecraft:shulker":4,"minecraft:skeleton":1,"minecraft:magma_cube":7,"minecraft:piglin":5,"minecraft:pig":4,"minecraft:creeper":1,"minecraft:sheep":3,"minecraft:zombie":13,"minecraft:blaze":12,"minecraft:cow":15,"minecraft:wither_skeleton":9,"minecraft:enderman":51},"minecraft:killed_by":{"minecraft:zombie":2,"minecraft:enderman":1,"minecraft:ender_dragon":1},"minecraft:custom":{"minecraft:interact_with_crafting_table":20,"minecraft:leave_game":30,"minecraft:time_since_death":22678,"minecraft:sprint_one_cm":629306,"minecraft:damage_blocked_by_shield":3110,"minecraft:drop":154,"minecraft:deaths":5,"minecraft:jump":5385,"minecraft:interact_with_brewingstand":2,"minecraft:walk_on_water_one_cm":19319,"minecraft:interact_with_furnace":3,"minecraft:play_one_minute":242672,"minecraft:sleep_in_bed":4,"minecraft:open_enderchest":1,"minecraft:damage_dealt":29284,"minecraft:crouch_one_cm":98737,"minecraft:interact_with_smoker":11,"minecraft:mob_kills":126,"minecraft:climb_one_cm":6897,"minecraft:walk_one_cm":506405,"minecraft:walk_under_water_one_cm":6001,"minecraft:sneak_time":20895,"minecraft:boat_one_cm":40910,"minecraft:interact_with_blast_furnace":7,"minecraft:time_since_rest":8187,"minecraft:damage_taken":8696,"minecraft:swim_one_cm":61645,"minecraft:fly_one_cm":1144769,"minecraft:open_chest":61,"minecraft:aviate_one_cm":256794,"minecraft:fall_one_cm":155562}},"DataVersion":2586}