{"stats":{"minecraft:dropped":{"minecraft:diamond_axe":1,"minecraft:baked_potato":45,"minecraft:ender_pearl":4,"minecraft:crossbow":1,"minecraft:rail":2,"minecraft:dirt":25,"minecraft:crimson_roots":3,"minecraft:seagrass":3,"minecraft:netherite_boots":5,"minecraft:gold_nugget":3,"minecraft:white_wool":1,"minecraft:bone":8,"minecraft:gravel":16,"minecraft:compass":1,"minecraft:sugar_cane":1,"minecraft:netherite_sword":1,"minecraft:wheat":1,"minecraft:rotten_flesh":14,"minecraft:oak_planks":3,"minecraft:end_stone":1,"minecraft:mossy_stone_brick_slab":1,"minecraft:melon_seeds":1,"minecraft:basalt":1,"minecraft:arrow":7,"minecraft:end_stone_bricks":6,"minecraft:crying_obsidian":2,"minecraft:quartz":25,"minecraft:netherrack":19,"minecraft:water_bucket":1,"minecraft:iron_ingot":17,"minecraft:stripped_spruce_log":3,"minecraft:netherite_pickaxe":3,"minecraft:wheat_seeds":8,"minecraft:minecart":1,"minecraft:poisonous_potato":1,"minecraft:netherite_helmet":3,"minecraft:netherite_chestplate":6,"minecraft:lead":1,"minecraft:feather":2,"minecraft:purpur_slab":2,"minecraft:cobblestone":73,"minecraft:granite":57,"minecraft:spruce_button":4,"minecraft:grass_block":1,"minecraft:stick":4,"minecraft:end_rod":3,"minecraft:diorite":78,"minecraft:wooden_axe":1,"minecraft:diamond_helmet":1,"minecraft:iron_axe":2,"minecraft:spruce_sapling":1,"minecraft:redstone":123,"minecraft:furnace":6,"minecraft:kelp":8,"minecraft:warped_nylium":2,"minecraft:netherite_hoe":1,"minecraft:netherite_ingot":2,"minecraft:blaze_rod":4,"minecraft:light_gray_wool":2,"minecraft:iron_hoe":1,"minecraft:shulker_box":1,"minecraft:shears":1,"minecraft:netherite_leggings":6,"minecraft:filled_map":1,"minecraft:potato":7,"minecraft:shield":1,"minecraft:diamond_chestplate":1,"minecraft:spruce_planks":1,"minecraft:diamond_pickaxe":5,"minecraft:andesite":3,"minecraft:oak_sapling":2,"minecraft:spider_eye":1,"minecraft:spruce_log":27,"minecraft:bow":1,"minecraft:stone_pickaxe":1,"minecraft:wooden_pickaxe":1,"minecraft:magma_block":20},"minecraft:mined":{"minecraft:spruce_planks":6,"minecraft:white_bed":1,"minecraft:mossy_stone_brick_slab":1,"minecraft:brewing_stand":2,"minecraft:obsidian":33,"minecraft:granite":83,"minecraft:grass_block":9,"minecraft:soul_soil":1,"minecraft:purpur_slab":2,"minecraft:frosted_ice":2,"minecraft:spawner":1,"minecraft:magma_block":34,"minecraft:iron_ore":133,"minecraft:fire":12,"minecraft:enchanting_table":2,"minecraft:end_stone_bricks":5,"minecraft:spruce_slab":3,"minecraft:blackstone":150,"minecraft:crimson_nylium":2,"minecraft:purpur_stairs":3,"minecraft:torch":2,"minecraft:glass":2,"minecraft:nether_quartz_ore":25,"minecraft:cobblestone":104,"minecraft:sugar_cane":8,"minecraft:wall_torch":4,"minecraft:warped_nylium":2,"minecraft:wheat":5,"minecraft:purpur_block":6,"minecraft:grass":2,"minecraft:oak_log":27,"minecraft:dirt":101,"minecraft:ancient_debris":80,"minecraft:netherrack":3447,"minecraft:oak_leaves":32,"minecraft:nether_gold_ore":109,"minecraft:diamond_ore":98,"minecraft:crying_obsidian":2,"minecraft:dark_oak_leaves":1,"minecraft:end_stone":2,"minecraft:shulker_box":16,"minecraft:nether_bricks":8,"minecraft:crimson_roots":1,"minecraft:spruce_leaves":18,"minecraft:kelp":15,"minecraft:large_fern":2,"minecraft:redstone_ore":28,"minecraft:furnace":7,"minecraft:andesite":185,"minecraft:nether_brick_fence":1,"minecraft:bookshelf":2,"minecraft:potatoes":72,"minecraft:stripped_oak_log":1,"minecraft:stone":2090,"minecraft:bone_block":21,"minecraft:smithing_table":1,"minecraft:magenta_stained_glass":2,"minecraft:basalt":341,"minecraft:dandelion":1,"minecraft:crafting_table":7,"minecraft:purpur_pillar":3,"minecraft:tall_grass":1,"minecraft:lapis_ore":8,"minecraft:diorite":85,"minecraft:spruce_stairs":2,"minecraft:purple_bed":2,"minecraft:spruce_log":87,"minecraft:birch_leaves":4,"minecraft:coal_ore":215,"minecraft:end_rod":1,"minecraft:gravel":53,"minecraft:stone_bricks":1,"minecraft:gold_ore":16,"minecraft:chipped_anvil":1,"minecraft:fern":2},"minecraft:picked_up":{"minecraft:shulker_shell":14,"minecraft:seagrass":3,"minecraft:iron_chestplate":2,"minecraft:wheat":1,"minecraft:smithing_table":1,"minecraft:lead":1,"minecraft:brewing_stand":2,"minecraft:string":3,"minecraft:iron_leggings":2,"minecraft:netherite_ingot":6,"minecraft:gold_nugget":735,"minecraft:bucket":1,"minecraft:spruce_planks":10,"minecraft:ender_eye":28,"minecraft:iron_pickaxe":1,"minecraft:melon_slice":136,"minecraft:furnace":9,"minecraft:iron_boots":2,"minecraft:golden_helmet":2,"minecraft:stick":2,"minecraft:torch":140,"minecraft:purpur_pillar":12,"minecraft:spruce_stairs":1,"minecraft:porkchop":14,"minecraft:diorite":84,"minecraft:rotten_flesh":16,"minecraft:carved_pumpkin":8,"minecraft:end_rod":5,"minecraft:bookshelf":1,"minecraft:netherite_chestplate":15,"minecraft:blaze_rod":10,"minecraft:obsidian":40,"minecraft:cobblestone":3858,"minecraft:enchanting_table":3,"minecraft:magma_block":37,"minecraft:feather":2,"minecraft:cooked_beef":3,"minecraft:magma_cream":1,"minecraft:water_bucket":8,"minecraft:andesite":145,"minecraft:potato":194,"minecraft:lapis_lazuli":127,"minecraft:netherite_leggings":16,"minecraft:dirt":291,"minecraft:twisting_vines":6,"minecraft:bone":22,"minecraft:chipped_anvil":3,"minecraft:bow":10,"minecraft:wheat_seeds":14,"minecraft:netherite_axe":11,"minecraft:oak_planks":46,"minecraft:cooked_porkchop":4,"minecraft:poisonous_potato":1,"minecraft:stripped_spruce_log":3,"minecraft:grass_block":1,"minecraft:shulker_box":20,"minecraft:iron_hoe":1,"minecraft:diamond":124,"minecraft:netherite_helmet":13,"minecraft:crossbow":1,"minecraft:granite":83,"minecraft:spruce_button":4,"minecraft:bread":21,"minecraft:oak_sapling":6,"minecraft:netherrack":3173,"minecraft:crimson_roots":3,"minecraft:diamond_pickaxe":6,"minecraft:end_stone_bricks":12,"minecraft:crafting_table":10,"minecraft:chicken":2,"minecraft:wooden_pickaxe":1,"minecraft:purpur_block":17,"minecraft:shield":7,"minecraft:elytra":5,"minecraft:iron_axe":2,"minecraft:flint_and_steel":6,"minecraft:netherite_scrap":4,"minecraft:blackstone":105,"minecraft:netherite_sword":2,"minecraft:oak_boat":3,"minecraft:light_gray_wool":2,"minecraft:spruce_slab":3,"minecraft:minecart":1,"minecraft:sugar_cane":13,"minecraft:chest":5,"minecraft:end_stone":25,"minecraft:fire_charge":6,"minecraft:redstone":123,"minecraft:netherite_pickaxe":11,"minecraft:arrow":76,"minecraft:diamond_chestplate":1,"minecraft:nether_bricks":8,"minecraft:purpur_slab":4,"minecraft:shears":2,"minecraft:diamond_boots":2,"minecraft:hay_block":14,"minecraft:gold_ingot":28,"minecraft:mutton":6,"minecraft:bone_block":21,"minecraft:rail":2,"minecraft:white_wool":3,"minecraft:netherite_boots":15,"minecraft:basalt":355,"minecraft:golden_carrot":11,"minecraft:salmon":1,"minecraft:purpur_stairs":24,"minecraft:oak_log":45,"minecraft:ancient_debris":100,"minecraft:golden_boots":4,"minecraft:gunpowder":4,"minecraft:stone_bricks":1,"minecraft:kelp":12,"minecraft:iron_ingot":163,"minecraft:stone_pickaxe":1,"minecraft:iron_ore":118,"minecraft:iron_sword":3,"minecraft:book":8,"minecraft:quartz":34,"minecraft:dandelion":2,"minecraft:gravel":49,"minecraft:spruce_sapling":4,"minecraft:spruce_log":137,"minecraft:spider_eye":1,"minecraft:gold_ore":23,"minecraft:mossy_stone_brick_slab":1,"minecraft:crying_obsidian":2,"minecraft:dragon_egg":1,"minecraft:firework_rocket":4,"minecraft:diamond_shovel":2,"minecraft:melon_seeds":1,"minecraft:baked_potato":266,"minecraft:netherite_hoe":1,"minecraft:warped_nylium":6,"minecraft:coal":230,"minecraft:wooden_axe":1,"minecraft:ender_pearl":103},"minecraft:broken":{"minecraft:golden_boots":1,"minecraft:diamond_pickaxe":2,"minecraft:iron_pickaxe":2},"minecraft:used":{"minecraft:chest":4,"minecraft:shield":28,"minecraft:iron_sword":89,"minecraft:obsidian":44,"minecraft:magma_block":2,"minecraft:bow":31,"minecraft:furnace":19,"minecraft:potato":86,"minecraft:end_rod":2,"minecraft:stone_pickaxe":72,"minecraft:ender_pearl":16,"minecraft:wooden_pickaxe":4,"minecraft:diamond_axe":97,"minecraft:sugar_cane":3,"minecraft:crossbow":6,"minecraft:melon_slice":67,"minecraft:gravel":2,"minecraft:smithing_table":2,"minecraft:andesite":8,"minecraft:oak_boat":3,"minecraft:bone_meal":2,"minecraft:purpur_block":1,"minecraft:netherite_sword":91,"minecraft:enchanting_table":2,"minecraft:flint_and_steel":17,"minecraft:spruce_planks":1,"minecraft:cooked_salmon":1,"minecraft:cooked_chicken":1,"minecraft:netherrack":433,"minecraft:torch":38,"minecraft:dragon_egg":1,"minecraft:brewing_stand":1,"minecraft:dirt":17,"minecraft:anvil":1,"minecraft:shulker_box":17,"minecraft:iron_hoe":69,"minecraft:wooden_axe":1,"minecraft:chipped_anvil":2,"minecraft:iron_axe":71,"minecraft:golden_carrot":11,"minecraft:netherite_pickaxe":1536,"minecraft:cooked_beef":3,"minecraft:wheat_seeds":5,"minecraft:cooked_mutton":2,"minecraft:water_bucket":55,"minecraft:baked_potato":136,"minecraft:crafting_table":11,"minecraft:oak_log":3,"minecraft:ender_eye":28,"minecraft:diamond_pickaxe":4598,"minecraft:diamond_shovel":5,"minecraft:netherite_axe":701,"minecraft:iron_pickaxe":1298,"minecraft:map":1,"minecraft:spruce_sapling":1,"minecraft:cobblestone":601,"minecraft:cooked_porkchop":11,"minecraft:bucket":55,"minecraft:dandelion":1},"minecraft:killed":{"minecraft:spider":4,"minecraft:shulker":2,"minecraft:skeleton":17,"minecraft:chicken":1,"minecraft:silverfish":1,"minecraft:turtle":3,"minecraft:magma_cube":9,"minecraft:piglin":1,"minecraft:pig":6,"minecraft:salmon":1,"minecraft:creeper":3,"minecraft:sheep":2,"minecraft:zombie":15,"minecraft:blaze":6,"minecraft:wither_skeleton":3,"minecraft:enderman":58},"minecraft:crafted":{"minecraft:oak_planks":132,"minecraft:cooked_chicken":1,"minecraft:bookshelf":1,"minecraft:shulker_box":1,"minecraft:cooked_mutton":2,"minecraft:diamond_leggings":1,"minecraft:diamond_helmet":2,"minecraft:bow":1,"minecraft:chest":10,"minecraft:cooked_porkchop":11,"minecraft:diamond_axe":2,"minecraft:crafting_table":6,"minecraft:spruce_planks":176,"minecraft:baked_potato":99,"minecraft:wooden_pickaxe":1,"minecraft:smithing_table":1,"minecraft:diamond_pickaxe":6,"minecraft:shield":2,"minecraft:stick":40,"minecraft:iron_ingot":70,"minecraft:iron_pickaxe":1,"minecraft:iron_block":3,"minecraft:gold_ingot":68,"minecraft:netherite_ingot":19,"minecraft:netherite_sword":1,"minecraft:furnace":17,"minecraft:bone_meal":3,"minecraft:flint_and_steel":2,"minecraft:netherite_leggings":1,"minecraft:iron_axe":1,"minecraft:stone_pickaxe":1,"minecraft:diamond_boots":1,"minecraft:netherite_scrap":77,"minecraft:diamond_sword":1,"minecraft:enchanting_table":1,"minecraft:cooked_salmon":1,"minecraft:bucket":1,"minecraft:air":0,"minecraft:oak_boat":1,"minecraft:wooden_axe":1,"minecraft:anvil":1,"minecraft:torch":36,"minecraft:diamond_chestplate":2},"minecraft:killed_by":{"minecraft:zombie":1,"minecraft:player":2,"minecraft:enderman":1,"minecraft:ender_dragon":3,"minecraft:shulker":1},"minecraft:custom":{"minecraft:interact_with_crafting_table":83,"minecraft:open_shulker_box":28,"minecraft:leave_game":10,"minecraft:time_since_death":72776,"minecraft:sprint_one_cm":846722,"minecraft:damage_blocked_by_shield":1609,"minecraft:drop":163,"minecraft:talked_to_villager":2,"minecraft:deaths":12,"minecraft:jump":9840,"minecraft:interact_with_brewingstand":2,"minecraft:walk_on_water_one_cm":63117,"minecraft:enchant_item":3,"minecraft:interact_with_furnace":143,"minecraft:play_one_minute":692046,"minecraft:sleep_in_bed":8,"minecraft:damage_dealt":40092,"minecraft:player_kills":7,"minecraft:crouch_one_cm":40862,"minecraft:interact_with_smoker":6,"minecraft:interact_with_smithing_table":20,"minecraft:mob_kills":133,"minecraft:interact_with_anvil":3,"minecraft:climb_one_cm":15223,"minecraft:walk_one_cm":2329323,"minecraft:sneak_time":12506,"minecraft:walk_under_water_one_cm":21741,"minecraft:boat_one_cm":186458,"minecraft:interact_with_blast_furnace":4,"minecraft:time_since_rest":72796,"minecraft:damage_taken":13069,"minecraft:swim_one_cm":40207,"minecraft:fly_one_cm":1329120,"minecraft:open_chest":200,"minecraft:aviate_one_cm":398727,"minecraft:fall_one_cm":235755}},"DataVersion":2586}