{"stats":{"minecraft:dropped":{"minecraft:gold_ore":12,"minecraft:crimson_nylium":1,"minecraft:soul_sand":3,"minecraft:baked_potato":79,"minecraft:ender_pearl":3,"minecraft:diamond":27,"minecraft:crafting_table":2,"minecraft:crossbow":1,"minecraft:warped_roots":11,"minecraft:purpur_stairs":4,"minecraft:rail":8,"minecraft:emerald":192,"minecraft:spruce_leaves":6,"minecraft:dirt":74,"minecraft:netherite_scrap":4,"minecraft:crimson_roots":2,"minecraft:netherite_boots":6,"minecraft:gold_nugget":175,"minecraft:bone_meal":86,"minecraft:sand":1,"minecraft:iron_pickaxe":1,"minecraft:gold_ingot":13,"minecraft:bone":28,"minecraft:gravel":10,"minecraft:magenta_banner":1,"minecraft:stone_axe":2,"minecraft:sugar_cane":1,"minecraft:ancient_debris":39,"minecraft:twisting_vines":6,"minecraft:wheat":2,"minecraft:rotten_flesh":56,"minecraft:oak_planks":2,"minecraft:end_stone":4,"minecraft:gunpowder":3,"minecraft:glowstone":6,"minecraft:chest":1,"minecraft:spruce_slab":102,"minecraft:arrow":20,"minecraft:glass":74,"minecraft:warped_wart_block":2,"minecraft:netherrack":472,"minecraft:crimson_planks":13,"minecraft:golden_boots":4,"minecraft:iron_ingot":31,"minecraft:netherite_pickaxe":1,"minecraft:wheat_seeds":19,"minecraft:golden_helmet":3,"minecraft:minecart":2,"minecraft:netherite_helmet":3,"minecraft:poisonous_potato":1,"minecraft:netherite_axe":1,"minecraft:netherite_chestplate":9,"minecraft:iron_helmet":1,"minecraft:cobblestone":53,"minecraft:granite":24,"minecraft:grass_block":1,"minecraft:coal":75,"minecraft:stick":2,"minecraft:diorite":35,"minecraft:golden_carrot":11,"minecraft:torch":26,"minecraft:iron_leggings":1,"minecraft:iron_axe":1,"minecraft:paper":1,"minecraft:iron_shovel":1,"minecraft:string":72,"minecraft:spruce_sapling":7,"minecraft:dandelion":5,"minecraft:furnace":1,"minecraft:netherite_hoe":1,"minecraft:warped_nylium":8,"minecraft:netherite_ingot":2,"minecraft:stone_sword":2,"minecraft:blaze_rod":5,"minecraft:iron_boots":1,"minecraft:iron_hoe":1,"minecraft:ender_eye":14,"minecraft:nether_bricks":15,"minecraft:flint_and_steel":1,"minecraft:netherite_leggings":5,"minecraft:potato":38,"minecraft:spruce_boat":1,"minecraft:shield":1,"minecraft:diamond_chestplate":1,"minecraft:spruce_planks":4,"minecraft:diamond_pickaxe":1,"minecraft:iron_chestplate":1,"minecraft:andesite":44,"minecraft:oak_sapling":3,"minecraft:spider_eye":5,"minecraft:bow":1,"minecraft:stone_pickaxe":1,"minecraft:wooden_pickaxe":2,"minecraft:magma_block":7},"minecraft:mined":{"minecraft:dragon_wall_head":2,"minecraft:spruce_planks":20,"minecraft:white_bed":2,"minecraft:obsidian":8,"minecraft:spruce_trapdoor":9,"minecraft:granite":51,"minecraft:grass_block":112,"minecraft:soul_soil":1,"minecraft:purpur_slab":1,"minecraft:spawner":1,"minecraft:weeping_vines_plant":1,"minecraft:magma_block":2,"minecraft:glowstone":38,"minecraft:barrel":19,"minecraft:iron_ore":100,"minecraft:fire":32,"minecraft:twisting_vines":1,"minecraft:end_stone_bricks":2,"minecraft:spruce_slab":25,"minecraft:tripwire":5,"minecraft:blackstone":9,"minecraft:twisting_vines_plant":3,"minecraft:crimson_nylium":13,"minecraft:soul_fire":1,"minecraft:purpur_stairs":4,"minecraft:torch":9,"minecraft:nether_quartz_ore":4,"minecraft:glass":5,"minecraft:cobblestone":42,"minecraft:sugar_cane":16,"minecraft:wall_torch":8,"minecraft:warped_nylium":7,"minecraft:wheat":7,"minecraft:warped_fungus":1,"minecraft:purpur_block":9,"minecraft:grass":8,"minecraft:oak_log":5,"minecraft:dirt":126,"minecraft:netherrack":1396,"minecraft:oak_leaves":1,"minecraft:nether_gold_ore":5,"minecraft:diamond_ore":6,"minecraft:end_stone":160,"minecraft:shulker_box":1,"minecraft:nether_bricks":15,"minecraft:spruce_fence":4,"minecraft:crimson_roots":2,"minecraft:spruce_leaves":58,"minecraft:crimson_stem":18,"minecraft:large_fern":1,"minecraft:redstone_ore":19,"minecraft:furnace":9,"minecraft:nether_sprouts":1,"minecraft:andesite":61,"minecraft:stripped_spruce_log":2,"minecraft:potatoes":192,"minecraft:rail":39,"minecraft:shroomlight":8,"minecraft:warped_stem":11,"minecraft:stone":766,"minecraft:bone_block":40,"minecraft:soul_sand":3,"minecraft:magenta_stained_glass":3,"minecraft:basalt":8,"minecraft:crafting_table":13,"minecraft:warped_roots":5,"minecraft:lectern":50,"minecraft:purpur_pillar":14,"minecraft:diorite":37,"minecraft:warped_wart_block":4,"minecraft:spruce_stairs":28,"minecraft:stripped_spruce_wood":10,"minecraft:spruce_log":39,"minecraft:grass_path":9,"minecraft:coal_ore":136,"minecraft:gravel":12,"minecraft:stone_bricks":1,"minecraft:chipped_anvil":1,"minecraft:gold_ore":13,"minecraft:fern":2},"minecraft:picked_up":{"minecraft:shulker_shell":12,"minecraft:wheat":2,"minecraft:lead":1,"minecraft:diamond_sword":6,"minecraft:crimson_planks":95,"minecraft:string":376,"minecraft:netherite_ingot":3,"minecraft:shroomlight":14,"minecraft:diamond_leggings":1,"minecraft:gold_nugget":134,"minecraft:bucket":1,"minecraft:spruce_planks":240,"minecraft:iron_pickaxe":1,"minecraft:furnace":9,"minecraft:golden_helmet":3,"minecraft:stick":12,"minecraft:spruce_stairs":62,"minecraft:torch":56,"minecraft:purpur_pillar":14,"minecraft:porkchop":10,"minecraft:diorite":73,"minecraft:stone_sword":1,"minecraft:rotten_flesh":101,"minecraft:netherite_chestplate":11,"minecraft:blaze_rod":51,"minecraft:obsidian":8,"minecraft:cobblestone":813,"minecraft:magma_block":9,"minecraft:magma_cream":10,"minecraft:water_bucket":3,"minecraft:andesite":60,"minecraft:smoker":1,"minecraft:potato":791,"minecraft:stripped_spruce_wood":10,"minecraft:wither_skeleton_skull":4,"minecraft:dirt":460,"minecraft:netherite_leggings":8,"minecraft:lantern":2,"minecraft:twisting_vines":6,"minecraft:glass":87,"minecraft:bone":50,"minecraft:chipped_anvil":2,"minecraft:bow":2,"minecraft:wheat_seeds":24,"minecraft:netherite_axe":1,"minecraft:diamond_helmet":1,"minecraft:glowstone_dust":130,"minecraft:oak_planks":10,"minecraft:warped_wart_block":3,"minecraft:poisonous_potato":1,"minecraft:sand":1,"minecraft:stripped_spruce_log":4,"minecraft:grass_block":1,"minecraft:shulker_box":4,"minecraft:barrel":19,"minecraft:iron_hoe":1,"minecraft:diamond":62,"minecraft:netherite_helmet":6,"minecraft:spruce_boat":2,"minecraft:crossbow":1,"minecraft:granite":51,"minecraft:bone_meal":131,"minecraft:oak_sapling":3,"minecraft:netherrack":1793,"minecraft:crimson_roots":2,"minecraft:diamond_pickaxe":2,"minecraft:end_stone_bricks":2,"minecraft:spruce_leaves":40,"minecraft:crafting_table":16,"minecraft:chicken":1,"minecraft:brown_mushroom":1,"minecraft:wooden_pickaxe":1,"minecraft:gold_block":1,"minecraft:dragon_head":2,"minecraft:chain":5,"minecraft:purpur_block":8,"minecraft:shield":5,"minecraft:elytra":3,"minecraft:iron_axe":1,"minecraft:flint_and_steel":1,"minecraft:netherite_scrap":2,"minecraft:iron_shovel":1,"minecraft:blackstone":24,"minecraft:beef":9,"minecraft:iron_nugget":5,"minecraft:minecart":20,"minecraft:spruce_slab":333,"minecraft:lectern":53,"minecraft:sugar_cane":73,"minecraft:spruce_trapdoor":17,"minecraft:end_stone":150,"minecraft:stone":141,"minecraft:spruce_fence":34,"minecraft:redstone":261,"minecraft:netherite_pickaxe":5,"minecraft:arrow":91,"minecraft:diamond_chestplate":2,"minecraft:nether_bricks":34,"minecraft:purpur_slab":1,"minecraft:shears":4,"minecraft:diamond_boots":1,"minecraft:hay_block":2,"minecraft:mutton":2,"minecraft:bone_block":99,"minecraft:rail":46,"minecraft:white_wool":3,"minecraft:netherite_boots":9,"minecraft:basalt":113,"minecraft:magenta_banner":1,"minecraft:crimson_stem":18,"minecraft:leather":22,"minecraft:purpur_stairs":4,"minecraft:oak_log":5,"minecraft:ancient_debris":70,"minecraft:golden_boots":2,"minecraft:gunpowder":15,"minecraft:apple":1,"minecraft:warped_stem":9,"minecraft:iron_ingot":67,"minecraft:iron_ore":207,"minecraft:iron_sword":1,"minecraft:soul_sand":6,"minecraft:warped_fungus":1,"minecraft:quartz":4,"minecraft:dandelion":5,"minecraft:gravel":21,"minecraft:spruce_sapling":9,"minecraft:white_bed":4,"minecraft:spruce_log":123,"minecraft:gold_ore":35,"minecraft:spider_eye":5,"minecraft:dragon_egg":2,"minecraft:diamond_shovel":4,"minecraft:stone_axe":1,"minecraft:diamond_axe":4,"minecraft:warped_roots":13,"minecraft:baked_potato":244,"minecraft:netherite_hoe":4,"minecraft:warped_nylium":16,"minecraft:crimson_nylium":1,"minecraft:coal":309,"minecraft:ender_pearl":35},"minecraft:broken":{"minecraft:stone_pickaxe":3,"minecraft:diamond_pickaxe":1,"minecraft:iron_sword":1,"minecraft:iron_pickaxe":4},"minecraft:used":{"minecraft:spruce_slab":131,"minecraft:chest":10,"minecraft:shield":33,"minecraft:iron_sword":187,"minecraft:rotten_flesh":3,"minecraft:spruce_leaves":20,"minecraft:spruce_boat":1,"minecraft:glass":20,"minecraft:lantern":6,"minecraft:spruce_wood":6,"minecraft:warped_nylium":2,"minecraft:netherite_hoe":88,"minecraft:bow":44,"minecraft:warped_fungus":1,"minecraft:furnace":13,"minecraft:potato":419,"minecraft:dragon_head":3,"minecraft:stripped_spruce_wood":10,"minecraft:diorite":2,"minecraft:end_stone_bricks":2,"minecraft:stone_pickaxe":395,"minecraft:ender_pearl":12,"minecraft:wooden_pickaxe":7,"minecraft:diamond_axe":223,"minecraft:sugar_cane":8,"minecraft:purpur_pillar":14,"minecraft:shears":49,"minecraft:end_stone":153,"minecraft:lever":1,"minecraft:string":38,"minecraft:lectern":50,"minecraft:gravel":11,"minecraft:diamond_sword":947,"minecraft:fire_charge":1,"minecraft:andesite":16,"minecraft:bone_meal":255,"minecraft:purpur_block":8,"minecraft:stone_sword":113,"minecraft:spruce_planks":309,"minecraft:ender_chest":1,"minecraft:cooked_chicken":1,"minecraft:netherrack":530,"minecraft:torch":56,"minecraft:dragon_egg":2,"minecraft:dirt":107,"minecraft:warped_wart_block":1,"minecraft:hopper":10,"minecraft:spruce_stairs":35,"minecraft:shulker_box":2,"minecraft:granite":27,"minecraft:spruce_fence":2,"minecraft:shroomlight":2,"minecraft:iron_hoe":90,"minecraft:bookshelf":2,"minecraft:iron_axe":87,"minecraft:crimson_planks":2,"minecraft:barrel":26,"minecraft:tripwire_hook":2,"minecraft:glowstone":16,"minecraft:golden_carrot":14,"minecraft:netherite_pickaxe":89,"minecraft:minecart":13,"minecraft:cooked_beef":9,"minecraft:cooked_mutton":2,"minecraft:water_bucket":54,"minecraft:baked_potato":177,"minecraft:brown_mushroom":1,"minecraft:spruce_fence_gate":2,"minecraft:warped_roots":2,"minecraft:rail":79,"minecraft:crafting_table":17,"minecraft:white_bed":5,"minecraft:spruce_log":2,"minecraft:warped_planks":36,"minecraft:smoker":1,"minecraft:ender_eye":7,"minecraft:diamond_pickaxe":1560,"minecraft:apple":1,"minecraft:diamond_shovel":213,"minecraft:iron_pickaxe":1006,"minecraft:purpur_slab":1,"minecraft:spruce_trapdoor":20,"minecraft:stone_axe":8,"minecraft:cobblestone":488,"minecraft:cooked_porkchop":11,"minecraft:bucket":55},"minecraft:killed":{"minecraft:spider":7,"minecraft:shulker":31,"minecraft:skeleton":24,"minecraft:chicken":1,"minecraft:piglin_brute":2,"minecraft:magma_cube":46,"minecraft:piglin":15,"minecraft:pig":4,"minecraft:ender_dragon":1,"minecraft:creeper":9,"minecraft:sheep":1,"minecraft:trader_llama":1,"minecraft:zombie":72,"minecraft:blaze":21,"minecraft:cow":4,"minecraft:hoglin":1,"minecraft:squid":2,"minecraft:wither_skeleton":10,"minecraft:villager":2,"minecraft:enderman":70},"minecraft:crafted":{"minecraft:oak_planks":20,"minecraft:barrel":7,"minecraft:blaze_powder":22,"minecraft:cooked_chicken":1,"minecraft:chain":5,"minecraft:stone":47,"minecraft:lever":1,"minecraft:bookshelf":3,"minecraft:shulker_box":4,"minecraft:cooked_mutton":2,"minecraft:warped_planks":36,"minecraft:diamond_leggings":1,"minecraft:diamond_helmet":3,"minecraft:bow":1,"minecraft:iron_boots":1,"minecraft:chest":8,"minecraft:ender_eye":22,"minecraft:golden_boots":2,"minecraft:emerald":195,"minecraft:cooked_porkchop":11,"minecraft:crafting_table":4,"minecraft:spruce_planks":272,"minecraft:wooden_pickaxe":1,"minecraft:baked_potato":214,"minecraft:iron_helmet":1,"minecraft:spruce_trapdoor":6,"minecraft:lectern":1,"minecraft:iron_chestplate":1,"minecraft:book":9,"minecraft:paper":30,"minecraft:diamond_pickaxe":1,"minecraft:shield":1,"minecraft:stick":48,"minecraft:iron_ingot":61,"minecraft:iron_pickaxe":4,"minecraft:stone_sword":1,"minecraft:gold_ingot":22,"minecraft:netherite_ingot":1,"minecraft:spruce_fence_gate":2,"minecraft:shears":1,"minecraft:tripwire_hook":2,"minecraft:iron_nugget":63,"minecraft:diamond_hoe":1,"minecraft:furnace":5,"minecraft:bone_meal":354,"minecraft:lantern":6,"minecraft:spruce_stairs":8,"minecraft:iron_axe":1,"minecraft:spruce_wood":6,"minecraft:spruce_slab":24,"minecraft:iron_hoe":1,"minecraft:stone_pickaxe":4,"minecraft:diamond_boots":1,"minecraft:spruce_boat":1,"minecraft:netherite_scrap":6,"minecraft:cooked_beef":9,"minecraft:crimson_planks":72,"minecraft:diamond_sword":1,"minecraft:bucket":1,"minecraft:stone_axe":1,"minecraft:glowstone":26,"minecraft:air":0,"minecraft:iron_leggings":1,"minecraft:white_bed":1,"minecraft:torch":44,"minecraft:diamond_chestplate":1,"minecraft:firework_rocket":6,"minecraft:ender_chest":1},"minecraft:killed_by":{"minecraft:player":3},"minecraft:custom":{"minecraft:interact_with_crafting_table":61,"minecraft:open_shulker_box":14,"minecraft:leave_game":25,"minecraft:time_since_death":118756,"minecraft:sprint_one_cm":967704,"minecraft:damage_blocked_by_shield":1268,"minecraft:drop":279,"minecraft:talked_to_villager":107,"minecraft:deaths":4,"minecraft:jump":10571,"minecraft:walk_on_water_one_cm":35564,"minecraft:interact_with_furnace":120,"minecraft:traded_with_villager":195,"minecraft:play_one_minute":904147,"minecraft:sleep_in_bed":13,"minecraft:open_enderchest":2,"minecraft:damage_dealt":73675,"minecraft:player_kills":2,"minecraft:crouch_one_cm":226251,"minecraft:interact_with_smoker":43,"minecraft:interact_with_smithing_table":17,"minecraft:mob_kills":338,"minecraft:interact_with_anvil":1,"minecraft:climb_one_cm":8871,"minecraft:walk_one_cm":2229200,"minecraft:sneak_time":60009,"minecraft:walk_under_water_one_cm":8504,"minecraft:interact_with_blast_furnace":3,"minecraft:time_since_rest":62304,"minecraft:damage_taken":10621,"minecraft:swim_one_cm":78,"minecraft:fly_one_cm":4050239,"minecraft:open_chest":283,"minecraft:aviate_one_cm":321930,"minecraft:fall_one_cm":258082}},"DataVersion":2586}