{"stats":{"minecraft:dropped":{"minecraft:gold_ore":12,"minecraft:crimson_nylium":1,"minecraft:soul_sand":3,"minecraft:baked_potato":111,"minecraft:ender_pearl":8,"minecraft:diamond":27,"minecraft:crafting_table":4,"minecraft:crossbow":1,"minecraft:warped_roots":11,"minecraft:purpur_stairs":4,"minecraft:elytra":1,"minecraft:rail":8,"minecraft:emerald":276,"minecraft:flint":23,"minecraft:spruce_leaves":6,"minecraft:dirt":263,"minecraft:netherite_scrap":4,"minecraft:crimson_roots":2,"minecraft:netherite_boots":7,"minecraft:gold_nugget":175,"minecraft:bone_meal":86,"minecraft:sand":1,"minecraft:iron_pickaxe":1,"minecraft:birch_log":5,"minecraft:fishing_rod":1,"minecraft:gold_ingot":13,"minecraft:tropical_fish_bucket":1,"minecraft:bone":34,"minecraft:gravel":193,"minecraft:magenta_banner":1,"minecraft:stone_axe":2,"minecraft:sugar_cane":1,"minecraft:ancient_debris":39,"minecraft:iron_nugget":2,"minecraft:twisting_vines":6,"minecraft:netherite_sword":1,"minecraft:wheat":2,"minecraft:rotten_flesh":73,"minecraft:oak_planks":2,"minecraft:diamond_shovel":1,"minecraft:end_stone":4,"minecraft:gunpowder":6,"minecraft:glowstone":6,"minecraft:chest":1,"minecraft:spruce_slab":102,"minecraft:arrow":22,"minecraft:glass":74,"minecraft:warped_wart_block":2,"minecraft:splash_potion":2,"minecraft:netherrack":472,"minecraft:crimson_planks":13,"minecraft:firework_rocket":22,"minecraft:lectern":1,"minecraft:bread":6,"minecraft:golden_boots":4,"minecraft:iron_ingot":31,"minecraft:netherite_pickaxe":6,"minecraft:wheat_seeds":19,"minecraft:golden_helmet":3,"minecraft:minecart":3,"minecraft:netherite_helmet":3,"minecraft:poisonous_potato":3,"minecraft:netherite_axe":2,"minecraft:netherite_chestplate":9,"minecraft:book":4,"minecraft:iron_helmet":1,"minecraft:cobblestone":323,"minecraft:granite":223,"minecraft:grass_block":1,"minecraft:coal":75,"minecraft:golden_apple":2,"minecraft:stick":4,"minecraft:diorite":163,"minecraft:golden_carrot":11,"minecraft:torch":26,"minecraft:iron_leggings":1,"minecraft:iron_axe":2,"minecraft:iron_shovel":1,"minecraft:paper":1,"minecraft:string":162,"minecraft:bucket":1,"minecraft:spruce_sapling":7,"minecraft:dandelion":5,"minecraft:furnace":1,"minecraft:kelp":5,"minecraft:netherite_hoe":2,"minecraft:warped_nylium":8,"minecraft:netherite_ingot":2,"minecraft:stone_sword":2,"minecraft:blaze_rod":5,"minecraft:iron_boots":1,"minecraft:iron_hoe":1,"minecraft:ender_eye":14,"minecraft:nether_bricks":15,"minecraft:shulker_box":1,"minecraft:flint_and_steel":1,"minecraft:netherite_leggings":5,"minecraft:potato":227,"minecraft:cobblestone_slab":192,"minecraft:spruce_boat":1,"minecraft:shield":1,"minecraft:diamond_chestplate":1,"minecraft:spruce_planks":12,"minecraft:diamond_pickaxe":1,"minecraft:iron_chestplate":1,"minecraft:andesite":193,"minecraft:oak_sapling":5,"minecraft:spider_eye":5,"minecraft:spruce_log":1,"minecraft:bow":10,"minecraft:stone_pickaxe":1,"minecraft:wooden_pickaxe":2,"minecraft:magma_block":7},"minecraft:mined":{"minecraft:dragon_wall_head":2,"minecraft:spruce_planks":20,"minecraft:white_bed":2,"minecraft:obsidian":8,"minecraft:spruce_trapdoor":14,"minecraft:granite":236,"minecraft:grass_block":112,"minecraft:soul_soil":1,"minecraft:purpur_slab":1,"minecraft:spawner":1,"minecraft:weeping_vines_plant":1,"minecraft:magma_block":2,"minecraft:glowstone":40,"minecraft:fire":33,"minecraft:iron_ore":135,"minecraft:barrel":19,"minecraft:twisting_vines":1,"minecraft:end_stone_bricks":2,"minecraft:spruce_slab":27,"minecraft:tripwire":5,"minecraft:blackstone":9,"minecraft:kelp_plant":1,"minecraft:twisting_vines_plant":3,"minecraft:crimson_nylium":13,"minecraft:soul_fire":1,"minecraft:purpur_stairs":4,"minecraft:torch":10,"minecraft:nether_quartz_ore":44,"minecraft:glass":5,"minecraft:cobblestone":182,"minecraft:sugar_cane":48,"minecraft:wall_torch":9,"minecraft:warped_nylium":7,"minecraft:birch_log":5,"minecraft:wheat":7,"minecraft:warped_fungus":1,"minecraft:purpur_block":9,"minecraft:grass":8,"minecraft:oak_log":39,"minecraft:dirt":342,"minecraft:netherrack":1481,"minecraft:oak_leaves":2,"minecraft:nether_gold_ore":5,"minecraft:diamond_ore":6,"minecraft:shulker_box":12,"minecraft:end_stone":160,"minecraft:nether_bricks":15,"minecraft:spruce_fence":4,"minecraft:crimson_roots":2,"minecraft:redstone_wire":1,"minecraft:spruce_leaves":194,"minecraft:crimson_stem":18,"minecraft:large_fern":1,"minecraft:redstone_ore":19,"minecraft:furnace":9,"minecraft:nether_sprouts":1,"minecraft:andesite":234,"minecraft:stripped_spruce_log":2,"minecraft:bookshelf":1,"minecraft:potatoes":294,"minecraft:rail":53,"minecraft:cobblestone_slab":107,"minecraft:shroomlight":8,"minecraft:warped_stem":11,"minecraft:stone":3526,"minecraft:bone_block":40,"minecraft:glass_pane":1,"minecraft:soul_sand":3,"minecraft:magenta_stained_glass":3,"minecraft:basalt":9,"minecraft:observer":3,"minecraft:crafting_table":13,"minecraft:warped_roots":5,"minecraft:lectern":123,"minecraft:purpur_pillar":14,"minecraft:diorite":171,"minecraft:warped_wart_block":4,"minecraft:spruce_stairs":28,"minecraft:stripped_spruce_wood":10,"minecraft:spruce_log":112,"minecraft:grass_path":9,"minecraft:coal_ore":260,"minecraft:gravel":210,"minecraft:stone_bricks":1,"minecraft:chipped_anvil":1,"minecraft:gold_ore":13,"minecraft:fern":2,"minecraft:infested_stone":1},"minecraft:picked_up":{"minecraft:shulker_shell":12,"minecraft:wheat":2,"minecraft:lead":1,"minecraft:diamond_sword":6,"minecraft:enchanted_book":1,"minecraft:crimson_planks":95,"minecraft:string":379,"minecraft:netherite_ingot":3,"minecraft:shroomlight":14,"minecraft:diamond_leggings":1,"minecraft:gold_nugget":134,"minecraft:bucket":7,"minecraft:spruce_planks":240,"minecraft:cobblestone_slab":443,"minecraft:iron_pickaxe":1,"minecraft:furnace":9,"minecraft:golden_helmet":3,"minecraft:stick":47,"minecraft:spruce_stairs":62,"minecraft:purpur_pillar":14,"minecraft:torch":66,"minecraft:porkchop":10,"minecraft:diorite":209,"minecraft:stone_sword":1,"minecraft:rotten_flesh":125,"minecraft:netherite_chestplate":11,"minecraft:blaze_rod":51,"minecraft:obsidian":8,"minecraft:cobblestone":4098,"minecraft:birch_log":5,"minecraft:magma_block":9,"minecraft:magma_cream":10,"minecraft:water_bucket":4,"minecraft:andesite":235,"minecraft:smoker":1,"minecraft:potato":1241,"minecraft:flint":23,"minecraft:stripped_spruce_wood":10,"minecraft:wither_skeleton_skull":4,"minecraft:dirt":650,"minecraft:netherite_leggings":8,"minecraft:lapis_lazuli":18,"minecraft:lantern":2,"minecraft:twisting_vines":6,"minecraft:glass":87,"minecraft:bone":65,"minecraft:chipped_anvil":2,"minecraft:bow":11,"minecraft:wheat_seeds":26,"minecraft:netherite_axe":2,"minecraft:diamond_helmet":1,"minecraft:glowstone_dust":138,"minecraft:oak_planks":10,"minecraft:warped_wart_block":3,"minecraft:poisonous_potato":3,"minecraft:sand":1,"minecraft:stripped_spruce_log":4,"minecraft:grass_block":1,"minecraft:fermented_spider_eye":1,"minecraft:shulker_box":18,"minecraft:barrel":19,"minecraft:iron_hoe":1,"minecraft:netherite_helmet":6,"minecraft:diamond":62,"minecraft:spruce_boat":2,"minecraft:crossbow":1,"minecraft:granite":250,"minecraft:bone_meal":131,"minecraft:emerald":42,"minecraft:oak_sapling":5,"minecraft:netherrack":1865,"minecraft:crimson_roots":2,"minecraft:diamond_pickaxe":2,"minecraft:end_stone_bricks":2,"minecraft:spruce_leaves":63,"minecraft:fishing_rod":1,"minecraft:crafting_table":18,"minecraft:splash_potion":1,"minecraft:chicken":1,"minecraft:brown_mushroom":1,"minecraft:wooden_pickaxe":1,"minecraft:gold_block":1,"minecraft:dragon_head":2,"minecraft:chain":5,"minecraft:purpur_block":8,"minecraft:shield":5,"minecraft:elytra":3,"minecraft:iron_axe":2,"minecraft:flint_and_steel":1,"minecraft:netherite_scrap":2,"minecraft:iron_shovel":1,"minecraft:blackstone":24,"minecraft:netherite_sword":1,"minecraft:beef":9,"minecraft:observer":3,"minecraft:iron_nugget":5,"minecraft:minecart":21,"minecraft:spruce_slab":333,"minecraft:lectern":122,"minecraft:sugar_cane":138,"minecraft:spruce_trapdoor":22,"minecraft:phantom_membrane":1,"minecraft:end_stone":150,"minecraft:stone":141,"minecraft:spruce_fence":34,"minecraft:redstone":385,"minecraft:netherite_pickaxe":10,"minecraft:arrow":103,"minecraft:diamond_chestplate":2,"minecraft:nether_bricks":34,"minecraft:purpur_slab":1,"minecraft:shears":4,"minecraft:diamond_boots":1,"minecraft:hay_block":2,"minecraft:mutton":2,"minecraft:bone_block":99,"minecraft:rail":90,"minecraft:white_wool":3,"minecraft:netherite_boots":10,"minecraft:basalt":113,"minecraft:magenta_banner":1,"minecraft:crimson_stem":18,"minecraft:leather":22,"minecraft:purpur_stairs":4,"minecraft:oak_log":39,"minecraft:ancient_debris":70,"minecraft:golden_boots":2,"minecraft:gunpowder":24,"minecraft:apple":2,"minecraft:kelp":5,"minecraft:warped_stem":9,"minecraft:iron_ingot":67,"minecraft:iron_ore":242,"minecraft:soul_sand":6,"minecraft:iron_sword":1,"minecraft:book":4,"minecraft:tropical_fish_bucket":1,"minecraft:warped_fungus":1,"minecraft:quartz":93,"minecraft:dandelion":5,"minecraft:gravel":204,"minecraft:spruce_sapling":50,"minecraft:white_bed":4,"minecraft:spruce_log":199,"minecraft:gold_ore":35,"minecraft:dragon_egg":2,"minecraft:spider_eye":5,"minecraft:firework_rocket":11,"minecraft:diamond_shovel":4,"minecraft:stone_axe":1,"minecraft:diamond_axe":4,"minecraft:warped_roots":13,"minecraft:baked_potato":244,"minecraft:netherite_hoe":5,"minecraft:warped_nylium":16,"minecraft:crimson_nylium":1,"minecraft:coal":626,"minecraft:ender_pearl":40},"minecraft:broken":{"minecraft:stone_pickaxe":3,"minecraft:diamond_pickaxe":1,"minecraft:iron_sword":1,"minecraft:iron_pickaxe":4},"minecraft:used":{"minecraft:spruce_slab":233,"minecraft:dispenser":10,"minecraft:chest":16,"minecraft:shield":35,"minecraft:iron_sword":187,"minecraft:rotten_flesh":3,"minecraft:spruce_leaves":32,"minecraft:spruce_boat":1,"minecraft:glass":46,"minecraft:lantern":26,"minecraft:spruce_wood":6,"minecraft:villager_spawn_egg":1,"minecraft:warped_nylium":2,"minecraft:netherite_hoe":97,"minecraft:repeater":30,"minecraft:bow":44,"minecraft:warped_fungus":1,"minecraft:furnace":13,"minecraft:potato":549,"minecraft:dragon_head":3,"minecraft:stripped_spruce_wood":10,"minecraft:diorite":10,"minecraft:end_stone_bricks":2,"minecraft:stone_pickaxe":395,"minecraft:ender_pearl":12,"minecraft:wooden_pickaxe":7,"minecraft:sugar_cane":25,"minecraft:diamond_axe":493,"minecraft:purpur_pillar":14,"minecraft:end_stone":153,"minecraft:shears":89,"minecraft:lever":2,"minecraft:firework_rocket":1,"minecraft:string":42,"minecraft:lectern":119,"minecraft:gravel":11,"minecraft:diamond_sword":1129,"minecraft:fire_charge":1,"minecraft:andesite":42,"minecraft:tropical_fish_bucket":1,"minecraft:bone_meal":255,"minecraft:purpur_block":8,"minecraft:enchanting_table":1,"minecraft:stone_sword":113,"minecraft:redstone":4,"minecraft:zombie_villager_spawn_egg":3,"minecraft:spruce_planks":312,"minecraft:ender_chest":1,"minecraft:cooked_chicken":1,"minecraft:netherrack":530,"minecraft:torch":162,"minecraft:dragon_egg":2,"minecraft:brewing_stand":1,"minecraft:dirt":108,"minecraft:warped_wart_block":1,"minecraft:hopper":59,"minecraft:spruce_stairs":50,"minecraft:shulker_box":19,"minecraft:spruce_fence":2,"minecraft:granite":27,"minecraft:shroomlight":2,"minecraft:iron_hoe":90,"minecraft:bookshelf":3,"minecraft:iron_axe":87,"minecraft:crimson_planks":2,"minecraft:barrel":26,"minecraft:tripwire_hook":2,"minecraft:glowstone":19,"minecraft:golden_carrot":14,"minecraft:netherite_pickaxe":3985,"minecraft:minecart":13,"minecraft:cooked_beef":9,"minecraft:observer":14,"minecraft:cooked_mutton":2,"minecraft:water_bucket":177,"minecraft:glass_bottle":3,"minecraft:baked_potato":243,"minecraft:brown_mushroom":1,"minecraft:spruce_fence_gate":2,"minecraft:cobblestone_slab":1017,"minecraft:warped_roots":2,"minecraft:rail":123,"minecraft:comparator":1,"minecraft:crafting_table":19,"minecraft:campfire":49,"minecraft:white_bed":5,"minecraft:smoker":1,"minecraft:spruce_log":3,"minecraft:warped_planks":36,"minecraft:ender_eye":7,"minecraft:diamond_pickaxe":1560,"minecraft:apple":1,"minecraft:diamond_shovel":627,"minecraft:iron_pickaxe":1006,"minecraft:purpur_slab":1,"minecraft:spruce_trapdoor":26,"minecraft:stone_axe":8,"minecraft:cobblestone":1111,"minecraft:cooked_porkchop":11,"minecraft:bucket":181},"minecraft:killed":{"minecraft:spider":12,"minecraft:shulker":31,"minecraft:skeleton":29,"minecraft:chicken":1,"minecraft:silverfish":3,"minecraft:piglin_brute":2,"minecraft:magma_cube":46,"minecraft:piglin":15,"minecraft:pig":4,"minecraft:ender_dragon":1,"minecraft:creeper":15,"minecraft:sheep":1,"minecraft:trader_llama":1,"minecraft:zombie":93,"minecraft:blaze":21,"minecraft:cow":4,"minecraft:phantom":2,"minecraft:drowned":10,"minecraft:bat":3,"minecraft:hoglin":1,"minecraft:squid":2,"minecraft:wither_skeleton":10,"minecraft:villager":2,"minecraft:enderman":70},"minecraft:crafted":{"minecraft:oak_planks":36,"minecraft:cobblestone_slab":2528,"minecraft:barrel":7,"minecraft:blaze_powder":24,"minecraft:cooked_chicken":1,"minecraft:chain":5,"minecraft:stone":57,"minecraft:lever":2,"minecraft:bookshelf":4,"minecraft:shulker_box":7,"minecraft:cooked_mutton":2,"minecraft:warped_planks":36,"minecraft:diamond_helmet":3,"minecraft:repeater":15,"minecraft:diamond_leggings":1,"minecraft:bow":11,"minecraft:iron_boots":1,"minecraft:comparator":1,"minecraft:chest":11,"minecraft:ender_eye":22,"minecraft:golden_boots":2,"minecraft:glass_bottle":3,"minecraft:emerald":243,"minecraft:cooked_porkchop":11,"minecraft:crafting_table":6,"minecraft:spruce_planks":440,"minecraft:wooden_pickaxe":1,"minecraft:baked_potato":334,"minecraft:iron_helmet":1,"minecraft:brewing_stand":1,"minecraft:campfire":28,"minecraft:dispenser":10,"minecraft:spruce_trapdoor":8,"minecraft:lectern":1,"minecraft:iron_chestplate":1,"minecraft:book":9,"minecraft:paper":78,"minecraft:diamond_pickaxe":1,"minecraft:shield":1,"minecraft:stick":216,"minecraft:iron_ingot":85,"minecraft:iron_pickaxe":4,"minecraft:stone_sword":1,"minecraft:gold_ingot":31,"minecraft:redstone_torch":34,"minecraft:netherite_ingot":1,"minecraft:spruce_fence_gate":2,"minecraft:shears":1,"minecraft:tripwire_hook":2,"minecraft:iron_nugget":225,"minecraft:diamond_hoe":1,"minecraft:furnace":5,"minecraft:bone_meal":354,"minecraft:lantern":26,"minecraft:spruce_stairs":20,"minecraft:iron_axe":1,"minecraft:spruce_wood":6,"minecraft:iron_hoe":1,"minecraft:spruce_slab":108,"minecraft:stone_pickaxe":4,"minecraft:diamond_boots":1,"minecraft:spruce_boat":1,"minecraft:netherite_scrap":6,"minecraft:observer":20,"minecraft:wheat":18,"minecraft:cooked_beef":9,"minecraft:sugar":1,"minecraft:crimson_planks":72,"minecraft:diamond_sword":1,"minecraft:bucket":6,"minecraft:stone_axe":1,"minecraft:glowstone":27,"minecraft:bread":6,"minecraft:air":0,"minecraft:golden_apple":1,"minecraft:iron_leggings":1,"minecraft:white_bed":1,"minecraft:torch":188,"minecraft:diamond_chestplate":1,"minecraft:firework_rocket":42,"minecraft:ender_chest":1},"minecraft:killed_by":{"minecraft:player":3},"minecraft:custom":{"minecraft:interact_with_crafting_table":98,"minecraft:open_shulker_box":114,"minecraft:leave_game":39,"minecraft:time_since_death":457507,"minecraft:sprint_one_cm":1349121,"minecraft:damage_blocked_by_shield":1378,"minecraft:drop":421,"minecraft:talked_to_villager":214,"minecraft:deaths":4,"minecraft:jump":13476,"minecraft:interact_with_brewingstand":8,"minecraft:walk_on_water_one_cm":164247,"minecraft:enchant_item":6,"minecraft:interact_with_furnace":171,"minecraft:traded_with_villager":244,"minecraft:play_one_minute":1242898,"minecraft:sleep_in_bed":16,"minecraft:open_enderchest":6,"minecraft:damage_dealt":84141,"minecraft:player_kills":2,"minecraft:crouch_one_cm":338335,"minecraft:interact_with_smoker":56,"minecraft:inspect_dispenser":19,"minecraft:interact_with_smithing_table":17,"minecraft:mob_kills":401,"minecraft:interact_with_anvil":2,"minecraft:climb_one_cm":8871,"minecraft:walk_one_cm":3293871,"minecraft:sneak_time":87169,"minecraft:walk_under_water_one_cm":38812,"minecraft:interact_with_blast_furnace":5,"minecraft:time_since_rest":93369,"minecraft:damage_taken":12809,"minecraft:swim_one_cm":50159,"minecraft:fly_one_cm":4538603,"minecraft:open_chest":433,"minecraft:aviate_one_cm":1151095,"minecraft:fall_one_cm":334703}},"DataVersion":2586}