{"stats":{"minecraft:dropped":{"minecraft:gold_ore":12,"minecraft:crimson_nylium":1,"minecraft:soul_sand":3,"minecraft:baked_potato":109,"minecraft:ender_pearl":4,"minecraft:diamond":27,"minecraft:crafting_table":2,"minecraft:crossbow":1,"minecraft:warped_roots":11,"minecraft:purpur_stairs":4,"minecraft:rail":8,"minecraft:emerald":192,"minecraft:flint":23,"minecraft:spruce_leaves":6,"minecraft:dirt":263,"minecraft:netherite_scrap":4,"minecraft:crimson_roots":2,"minecraft:netherite_boots":6,"minecraft:gold_nugget":175,"minecraft:bone_meal":86,"minecraft:sand":1,"minecraft:iron_pickaxe":1,"minecraft:gold_ingot":13,"minecraft:bone":34,"minecraft:tropical_fish_bucket":1,"minecraft:gravel":193,"minecraft:magenta_banner":1,"minecraft:stone_axe":2,"minecraft:sugar_cane":1,"minecraft:ancient_debris":39,"minecraft:twisting_vines":6,"minecraft:wheat":2,"minecraft:rotten_flesh":65,"minecraft:oak_planks":2,"minecraft:diamond_shovel":1,"minecraft:end_stone":4,"minecraft:gunpowder":4,"minecraft:glowstone":6,"minecraft:chest":1,"minecraft:spruce_slab":102,"minecraft:arrow":22,"minecraft:glass":74,"minecraft:warped_wart_block":2,"minecraft:netherrack":472,"minecraft:lectern":1,"minecraft:bread":6,"minecraft:crimson_planks":13,"minecraft:golden_boots":4,"minecraft:iron_ingot":31,"minecraft:netherite_pickaxe":3,"minecraft:wheat_seeds":19,"minecraft:golden_helmet":3,"minecraft:minecart":2,"minecraft:poisonous_potato":2,"minecraft:netherite_helmet":3,"minecraft:netherite_axe":1,"minecraft:netherite_chestplate":9,"minecraft:book":1,"minecraft:iron_helmet":1,"minecraft:cobblestone":323,"minecraft:granite":223,"minecraft:grass_block":1,"minecraft:coal":75,"minecraft:stick":4,"minecraft:diorite":163,"minecraft:golden_carrot":11,"minecraft:torch":26,"minecraft:iron_leggings":1,"minecraft:iron_axe":1,"minecraft:paper":1,"minecraft:iron_shovel":1,"minecraft:string":72,"minecraft:spruce_sapling":7,"minecraft:dandelion":5,"minecraft:furnace":1,"minecraft:kelp":3,"minecraft:netherite_hoe":2,"minecraft:warped_nylium":8,"minecraft:netherite_ingot":2,"minecraft:stone_sword":2,"minecraft:blaze_rod":5,"minecraft:iron_boots":1,"minecraft:iron_hoe":1,"minecraft:ender_eye":14,"minecraft:nether_bricks":15,"minecraft:flint_and_steel":1,"minecraft:netherite_leggings":5,"minecraft:potato":227,"minecraft:cobblestone_slab":192,"minecraft:spruce_boat":1,"minecraft:shield":1,"minecraft:diamond_chestplate":1,"minecraft:spruce_planks":12,"minecraft:diamond_pickaxe":1,"minecraft:iron_chestplate":1,"minecraft:andesite":193,"minecraft:oak_sapling":3,"minecraft:spider_eye":5,"minecraft:bow":1,"minecraft:stone_pickaxe":1,"minecraft:wooden_pickaxe":2,"minecraft:magma_block":7},"minecraft:mined":{"minecraft:dragon_wall_head":2,"minecraft:spruce_planks":20,"minecraft:white_bed":2,"minecraft:obsidian":8,"minecraft:spruce_trapdoor":13,"minecraft:granite":236,"minecraft:grass_block":112,"minecraft:soul_soil":1,"minecraft:purpur_slab":1,"minecraft:spawner":1,"minecraft:weeping_vines_plant":1,"minecraft:magma_block":2,"minecraft:glowstone":38,"minecraft:fire":32,"minecraft:iron_ore":135,"minecraft:barrel":19,"minecraft:twisting_vines":1,"minecraft:end_stone_bricks":2,"minecraft:spruce_slab":26,"minecraft:tripwire":5,"minecraft:blackstone":9,"minecraft:kelp_plant":1,"minecraft:twisting_vines_plant":3,"minecraft:crimson_nylium":13,"minecraft:soul_fire":1,"minecraft:purpur_stairs":4,"minecraft:torch":9,"minecraft:nether_quartz_ore":4,"minecraft:glass":5,"minecraft:cobblestone":104,"minecraft:sugar_cane":24,"minecraft:wall_torch":8,"minecraft:warped_nylium":7,"minecraft:wheat":7,"minecraft:warped_fungus":1,"minecraft:purpur_block":9,"minecraft:grass":8,"minecraft:oak_log":5,"minecraft:dirt":342,"minecraft:netherrack":1397,"minecraft:oak_leaves":1,"minecraft:nether_gold_ore":5,"minecraft:diamond_ore":6,"minecraft:shulker_box":12,"minecraft:end_stone":160,"minecraft:nether_bricks":15,"minecraft:spruce_fence":4,"minecraft:crimson_roots":2,"minecraft:spruce_leaves":94,"minecraft:crimson_stem":18,"minecraft:large_fern":1,"minecraft:redstone_ore":19,"minecraft:furnace":9,"minecraft:nether_sprouts":1,"minecraft:andesite":234,"minecraft:stripped_spruce_log":2,"minecraft:potatoes":294,"minecraft:rail":39,"minecraft:cobblestone_slab":22,"minecraft:shroomlight":8,"minecraft:warped_stem":11,"minecraft:stone":3526,"minecraft:bone_block":40,"minecraft:soul_sand":3,"minecraft:magenta_stained_glass":3,"minecraft:basalt":8,"minecraft:crafting_table":13,"minecraft:warped_roots":5,"minecraft:lectern":82,"minecraft:purpur_pillar":14,"minecraft:diorite":171,"minecraft:warped_wart_block":4,"minecraft:spruce_stairs":28,"minecraft:stripped_spruce_wood":10,"minecraft:spruce_log":43,"minecraft:grass_path":9,"minecraft:coal_ore":260,"minecraft:gravel":210,"minecraft:stone_bricks":1,"minecraft:chipped_anvil":1,"minecraft:gold_ore":13,"minecraft:fern":2,"minecraft:infested_stone":1},"minecraft:picked_up":{"minecraft:shulker_shell":12,"minecraft:wheat":2,"minecraft:lead":1,"minecraft:diamond_sword":6,"minecraft:crimson_planks":95,"minecraft:string":376,"minecraft:netherite_ingot":3,"minecraft:shroomlight":14,"minecraft:diamond_leggings":1,"minecraft:gold_nugget":134,"minecraft:bucket":1,"minecraft:spruce_planks":240,"minecraft:cobblestone_slab":109,"minecraft:iron_pickaxe":1,"minecraft:furnace":9,"minecraft:golden_helmet":3,"minecraft:stick":12,"minecraft:spruce_stairs":62,"minecraft:torch":59,"minecraft:purpur_pillar":14,"minecraft:porkchop":10,"minecraft:diorite":209,"minecraft:stone_sword":1,"minecraft:rotten_flesh":110,"minecraft:netherite_chestplate":11,"minecraft:blaze_rod":51,"minecraft:obsidian":8,"minecraft:cobblestone":4030,"minecraft:magma_block":9,"minecraft:magma_cream":10,"minecraft:water_bucket":4,"minecraft:andesite":235,"minecraft:smoker":1,"minecraft:potato":1199,"minecraft:flint":23,"minecraft:stripped_spruce_wood":10,"minecraft:wither_skeleton_skull":4,"minecraft:dirt":649,"minecraft:netherite_leggings":8,"minecraft:lapis_lazuli":18,"minecraft:lantern":2,"minecraft:twisting_vines":6,"minecraft:glass":87,"minecraft:bone":56,"minecraft:chipped_anvil":2,"minecraft:bow":2,"minecraft:wheat_seeds":24,"minecraft:netherite_axe":1,"minecraft:diamond_helmet":1,"minecraft:glowstone_dust":130,"minecraft:oak_planks":10,"minecraft:warped_wart_block":3,"minecraft:poisonous_potato":2,"minecraft:sand":1,"minecraft:stripped_spruce_log":4,"minecraft:grass_block":1,"minecraft:shulker_box":16,"minecraft:barrel":19,"minecraft:iron_hoe":1,"minecraft:diamond":62,"minecraft:netherite_helmet":6,"minecraft:spruce_boat":2,"minecraft:crossbow":1,"minecraft:granite":250,"minecraft:bone_meal":131,"minecraft:oak_sapling":3,"minecraft:netherrack":1793,"minecraft:crimson_roots":2,"minecraft:diamond_pickaxe":2,"minecraft:end_stone_bricks":2,"minecraft:spruce_leaves":63,"minecraft:crafting_table":16,"minecraft:chicken":1,"minecraft:brown_mushroom":1,"minecraft:wooden_pickaxe":1,"minecraft:gold_block":1,"minecraft:dragon_head":2,"minecraft:chain":5,"minecraft:purpur_block":8,"minecraft:shield":5,"minecraft:elytra":3,"minecraft:iron_axe":1,"minecraft:flint_and_steel":1,"minecraft:netherite_scrap":2,"minecraft:iron_shovel":1,"minecraft:blackstone":24,"minecraft:beef":9,"minecraft:iron_nugget":5,"minecraft:minecart":21,"minecraft:spruce_slab":333,"minecraft:lectern":83,"minecraft:sugar_cane":89,"minecraft:spruce_trapdoor":21,"minecraft:phantom_membrane":1,"minecraft:end_stone":150,"minecraft:stone":141,"minecraft:spruce_fence":34,"minecraft:redstone":261,"minecraft:netherite_pickaxe":7,"minecraft:arrow":94,"minecraft:diamond_chestplate":2,"minecraft:nether_bricks":34,"minecraft:purpur_slab":1,"minecraft:shears":4,"minecraft:diamond_boots":1,"minecraft:hay_block":2,"minecraft:mutton":2,"minecraft:bone_block":99,"minecraft:rail":46,"minecraft:white_wool":3,"minecraft:netherite_boots":9,"minecraft:basalt":113,"minecraft:magenta_banner":1,"minecraft:crimson_stem":18,"minecraft:leather":22,"minecraft:purpur_stairs":4,"minecraft:oak_log":5,"minecraft:ancient_debris":70,"minecraft:golden_boots":2,"minecraft:gunpowder":16,"minecraft:apple":1,"minecraft:kelp":3,"minecraft:warped_stem":9,"minecraft:iron_ingot":67,"minecraft:iron_ore":242,"minecraft:soul_sand":6,"minecraft:iron_sword":1,"minecraft:book":1,"minecraft:tropical_fish_bucket":1,"minecraft:warped_fungus":1,"minecraft:quartz":4,"minecraft:dandelion":5,"minecraft:gravel":204,"minecraft:spruce_sapling":9,"minecraft:white_bed":4,"minecraft:spruce_log":127,"minecraft:gold_ore":35,"minecraft:spider_eye":5,"minecraft:dragon_egg":2,"minecraft:diamond_shovel":4,"minecraft:stone_axe":1,"minecraft:diamond_axe":4,"minecraft:warped_roots":13,"minecraft:baked_potato":244,"minecraft:netherite_hoe":5,"minecraft:warped_nylium":16,"minecraft:crimson_nylium":1,"minecraft:coal":578,"minecraft:ender_pearl":36},"minecraft:broken":{"minecraft:stone_pickaxe":3,"minecraft:diamond_pickaxe":1,"minecraft:iron_sword":1,"minecraft:iron_pickaxe":4},"minecraft:used":{"minecraft:spruce_slab":229,"minecraft:chest":10,"minecraft:shield":35,"minecraft:iron_sword":187,"minecraft:rotten_flesh":3,"minecraft:spruce_leaves":32,"minecraft:spruce_boat":1,"minecraft:glass":21,"minecraft:lantern":6,"minecraft:spruce_wood":6,"minecraft:warped_nylium":2,"minecraft:netherite_hoe":91,"minecraft:bow":44,"minecraft:warped_fungus":1,"minecraft:furnace":13,"minecraft:potato":523,"minecraft:dragon_head":3,"minecraft:stripped_spruce_wood":10,"minecraft:diorite":10,"minecraft:end_stone_bricks":2,"minecraft:stone_pickaxe":395,"minecraft:ender_pearl":12,"minecraft:wooden_pickaxe":7,"minecraft:sugar_cane":24,"minecraft:diamond_axe":263,"minecraft:purpur_pillar":14,"minecraft:shears":85,"minecraft:end_stone":153,"minecraft:lever":1,"minecraft:string":38,"minecraft:lectern":80,"minecraft:gravel":11,"minecraft:diamond_sword":1040,"minecraft:fire_charge":1,"minecraft:andesite":42,"minecraft:tropical_fish_bucket":1,"minecraft:bone_meal":255,"minecraft:purpur_block":8,"minecraft:enchanting_table":1,"minecraft:stone_sword":113,"minecraft:spruce_planks":312,"minecraft:ender_chest":1,"minecraft:cooked_chicken":1,"minecraft:netherrack":530,"minecraft:torch":93,"minecraft:dragon_egg":2,"minecraft:dirt":107,"minecraft:warped_wart_block":1,"minecraft:hopper":10,"minecraft:spruce_stairs":50,"minecraft:shulker_box":18,"minecraft:spruce_fence":2,"minecraft:granite":27,"minecraft:shroomlight":2,"minecraft:iron_hoe":90,"minecraft:bookshelf":2,"minecraft:iron_axe":87,"minecraft:crimson_planks":2,"minecraft:barrel":26,"minecraft:tripwire_hook":2,"minecraft:glowstone":16,"minecraft:golden_carrot":14,"minecraft:netherite_pickaxe":3625,"minecraft:minecart":13,"minecraft:cooked_beef":9,"minecraft:cooked_mutton":2,"minecraft:water_bucket":130,"minecraft:baked_potato":213,"minecraft:brown_mushroom":1,"minecraft:spruce_fence_gate":2,"minecraft:cobblestone_slab":109,"minecraft:warped_roots":2,"minecraft:rail":79,"minecraft:crafting_table":19,"minecraft:white_bed":5,"minecraft:smoker":1,"minecraft:spruce_log":2,"minecraft:warped_planks":36,"minecraft:ender_eye":7,"minecraft:diamond_pickaxe":1560,"minecraft:apple":1,"minecraft:diamond_shovel":627,"minecraft:iron_pickaxe":1006,"minecraft:purpur_slab":1,"minecraft:spruce_trapdoor":25,"minecraft:stone_axe":8,"minecraft:cobblestone":869,"minecraft:cooked_porkchop":11,"minecraft:bucket":131},"minecraft:killed":{"minecraft:spider":10,"minecraft:shulker":31,"minecraft:skeleton":27,"minecraft:chicken":1,"minecraft:silverfish":3,"minecraft:piglin_brute":2,"minecraft:magma_cube":46,"minecraft:piglin":15,"minecraft:pig":4,"minecraft:ender_dragon":1,"minecraft:creeper":10,"minecraft:sheep":1,"minecraft:trader_llama":1,"minecraft:zombie":79,"minecraft:blaze":21,"minecraft:cow":4,"minecraft:phantom":2,"minecraft:drowned":9,"minecraft:bat":3,"minecraft:hoglin":1,"minecraft:squid":2,"minecraft:wither_skeleton":10,"minecraft:villager":2,"minecraft:enderman":70},"minecraft:crafted":{"minecraft:oak_planks":20,"minecraft:cobblestone_slab":1760,"minecraft:barrel":7,"minecraft:blaze_powder":22,"minecraft:cooked_chicken":1,"minecraft:chain":5,"minecraft:stone":47,"minecraft:lever":1,"minecraft:bookshelf":3,"minecraft:shulker_box":7,"minecraft:cooked_mutton":2,"minecraft:warped_planks":36,"minecraft:diamond_helmet":3,"minecraft:diamond_leggings":1,"minecraft:bow":1,"minecraft:iron_boots":1,"minecraft:chest":11,"minecraft:ender_eye":22,"minecraft:golden_boots":2,"minecraft:emerald":195,"minecraft:cooked_porkchop":11,"minecraft:crafting_table":6,"minecraft:spruce_planks":384,"minecraft:wooden_pickaxe":1,"minecraft:baked_potato":267,"minecraft:iron_helmet":1,"minecraft:spruce_trapdoor":8,"minecraft:lectern":1,"minecraft:iron_chestplate":1,"minecraft:book":9,"minecraft:paper":30,"minecraft:diamond_pickaxe":1,"minecraft:shield":1,"minecraft:stick":72,"minecraft:iron_ingot":61,"minecraft:iron_pickaxe":4,"minecraft:stone_sword":1,"minecraft:gold_ingot":22,"minecraft:netherite_ingot":1,"minecraft:spruce_fence_gate":2,"minecraft:shears":1,"minecraft:tripwire_hook":2,"minecraft:iron_nugget":63,"minecraft:diamond_hoe":1,"minecraft:furnace":5,"minecraft:bone_meal":354,"minecraft:lantern":6,"minecraft:spruce_stairs":20,"minecraft:iron_axe":1,"minecraft:spruce_wood":6,"minecraft:iron_hoe":1,"minecraft:spruce_slab":108,"minecraft:stone_pickaxe":4,"minecraft:diamond_boots":1,"minecraft:spruce_boat":1,"minecraft:netherite_scrap":6,"minecraft:wheat":18,"minecraft:cooked_beef":9,"minecraft:crimson_planks":72,"minecraft:diamond_sword":1,"minecraft:bucket":1,"minecraft:stone_axe":1,"minecraft:glowstone":26,"minecraft:bread":6,"minecraft:air":0,"minecraft:iron_leggings":1,"minecraft:white_bed":1,"minecraft:torch":140,"minecraft:diamond_chestplate":1,"minecraft:firework_rocket":6,"minecraft:ender_chest":1},"minecraft:killed_by":{"minecraft:player":3},"minecraft:custom":{"minecraft:interact_with_crafting_table":74,"minecraft:open_shulker_box":106,"minecraft:leave_game":34,"minecraft:time_since_death":298030,"minecraft:sprint_one_cm":1131530,"minecraft:damage_blocked_by_shield":1378,"minecraft:drop":368,"minecraft:talked_to_villager":147,"minecraft:deaths":4,"minecraft:jump":11919,"minecraft:walk_on_water_one_cm":127379,"minecraft:enchant_item":6,"minecraft:interact_with_furnace":128,"minecraft:traded_with_villager":195,"minecraft:play_one_minute":1083421,"minecraft:sleep_in_bed":15,"minecraft:open_enderchest":3,"minecraft:damage_dealt":78952,"minecraft:player_kills":2,"minecraft:crouch_one_cm":281417,"minecraft:interact_with_smoker":52,"minecraft:interact_with_smithing_table":17,"minecraft:mob_kills":371,"minecraft:interact_with_anvil":1,"minecraft:climb_one_cm":8871,"minecraft:walk_one_cm":2820912,"minecraft:sneak_time":73566,"minecraft:walk_under_water_one_cm":34635,"minecraft:interact_with_blast_furnace":4,"minecraft:time_since_rest":26660,"minecraft:damage_taken":11905,"minecraft:swim_one_cm":47307,"minecraft:fly_one_cm":4228616,"minecraft:open_chest":318,"minecraft:aviate_one_cm":380202,"minecraft:fall_one_cm":293351}},"DataVersion":2586}