{"stats":{"minecraft:dropped":{"minecraft:gold_ore":12,"minecraft:crimson_nylium":1,"minecraft:soul_sand":3,"minecraft:baked_potato":48,"minecraft:ender_pearl":3,"minecraft:crafting_table":2,"minecraft:crossbow":1,"minecraft:warped_roots":11,"minecraft:purpur_stairs":4,"minecraft:rail":2,"minecraft:dirt":66,"minecraft:netherite_scrap":4,"minecraft:crimson_roots":2,"minecraft:netherite_boots":5,"minecraft:gold_nugget":175,"minecraft:bone_meal":86,"minecraft:sand":1,"minecraft:iron_pickaxe":1,"minecraft:gold_ingot":4,"minecraft:bone":28,"minecraft:gravel":10,"minecraft:magenta_banner":1,"minecraft:stone_axe":2,"minecraft:sugar_cane":1,"minecraft:ancient_debris":39,"minecraft:twisting_vines":6,"minecraft:wheat":2,"minecraft:rotten_flesh":55,"minecraft:oak_planks":2,"minecraft:end_stone":4,"minecraft:gunpowder":3,"minecraft:spruce_slab":102,"minecraft:arrow":20,"minecraft:glass":74,"minecraft:warped_wart_block":2,"minecraft:netherrack":472,"minecraft:golden_boots":4,"minecraft:crimson_planks":13,"minecraft:iron_ingot":6,"minecraft:wheat_seeds":19,"minecraft:golden_helmet":3,"minecraft:minecart":1,"minecraft:netherite_helmet":3,"minecraft:netherite_axe":1,"minecraft:netherite_chestplate":9,"minecraft:iron_helmet":1,"minecraft:cobblestone":52,"minecraft:granite":24,"minecraft:grass_block":1,"minecraft:coal":75,"minecraft:stick":2,"minecraft:diorite":35,"minecraft:golden_carrot":11,"minecraft:torch":26,"minecraft:iron_leggings":1,"minecraft:iron_axe":1,"minecraft:iron_shovel":1,"minecraft:string":8,"minecraft:spruce_sapling":7,"minecraft:dandelion":5,"minecraft:furnace":1,"minecraft:warped_nylium":8,"minecraft:netherite_hoe":1,"minecraft:netherite_ingot":2,"minecraft:blaze_rod":5,"minecraft:stone_sword":2,"minecraft:iron_boots":1,"minecraft:iron_hoe":1,"minecraft:ender_eye":14,"minecraft:nether_bricks":15,"minecraft:flint_and_steel":1,"minecraft:netherite_leggings":5,"minecraft:potato":36,"minecraft:spruce_boat":1,"minecraft:shield":1,"minecraft:spruce_planks":4,"minecraft:diamond_pickaxe":1,"minecraft:iron_chestplate":1,"minecraft:andesite":44,"minecraft:oak_sapling":3,"minecraft:spider_eye":5,"minecraft:stone_pickaxe":1,"minecraft:wooden_pickaxe":2,"minecraft:magma_block":7},"minecraft:mined":{"minecraft:dragon_wall_head":1,"minecraft:spruce_planks":1,"minecraft:white_bed":2,"minecraft:spruce_trapdoor":3,"minecraft:granite":51,"minecraft:grass_block":112,"minecraft:soul_soil":1,"minecraft:purpur_slab":1,"minecraft:spawner":1,"minecraft:weeping_vines_plant":1,"minecraft:magma_block":2,"minecraft:glowstone":37,"minecraft:iron_ore":100,"minecraft:fire":32,"minecraft:twisting_vines":1,"minecraft:end_stone_bricks":2,"minecraft:tripwire":2,"minecraft:spruce_slab":8,"minecraft:blackstone":9,"minecraft:twisting_vines_plant":3,"minecraft:crimson_nylium":13,"minecraft:soul_fire":1,"minecraft:purpur_stairs":4,"minecraft:torch":8,"minecraft:glass":5,"minecraft:nether_quartz_ore":4,"minecraft:cobblestone":37,"minecraft:sugar_cane":16,"minecraft:wall_torch":8,"minecraft:warped_nylium":7,"minecraft:wheat":7,"minecraft:warped_fungus":1,"minecraft:purpur_block":9,"minecraft:grass":8,"minecraft:oak_log":5,"minecraft:dirt":124,"minecraft:netherrack":1390,"minecraft:oak_leaves":1,"minecraft:nether_gold_ore":5,"minecraft:diamond_ore":6,"minecraft:end_stone":160,"minecraft:nether_bricks":15,"minecraft:spruce_fence":2,"minecraft:crimson_roots":2,"minecraft:spruce_leaves":43,"minecraft:crimson_stem":18,"minecraft:redstone_ore":19,"minecraft:furnace":9,"minecraft:nether_sprouts":1,"minecraft:andesite":61,"minecraft:stripped_spruce_log":2,"minecraft:potatoes":190,"minecraft:rail":8,"minecraft:shroomlight":8,"minecraft:warped_stem":11,"minecraft:stone":757,"minecraft:bone_block":40,"minecraft:soul_sand":3,"minecraft:magenta_stained_glass":3,"minecraft:basalt":8,"minecraft:crafting_table":13,"minecraft:warped_roots":5,"minecraft:lectern":50,"minecraft:purpur_pillar":14,"minecraft:diorite":37,"minecraft:warped_wart_block":4,"minecraft:spruce_stairs":1,"minecraft:stripped_spruce_wood":10,"minecraft:spruce_log":39,"minecraft:grass_path":9,"minecraft:coal_ore":136,"minecraft:gravel":12,"minecraft:gold_ore":13,"minecraft:fern":2},"minecraft:picked_up":{"minecraft:shulker_shell":12,"minecraft:wheat":2,"minecraft:crimson_planks":95,"minecraft:string":301,"minecraft:netherite_ingot":1,"minecraft:shroomlight":14,"minecraft:diamond_leggings":1,"minecraft:gold_nugget":134,"minecraft:bucket":1,"minecraft:spruce_planks":63,"minecraft:iron_pickaxe":1,"minecraft:furnace":9,"minecraft:golden_helmet":3,"minecraft:stick":12,"minecraft:spruce_stairs":34,"minecraft:torch":55,"minecraft:purpur_pillar":14,"minecraft:porkchop":10,"minecraft:diorite":73,"minecraft:stone_sword":1,"minecraft:rotten_flesh":60,"minecraft:netherite_chestplate":8,"minecraft:blaze_rod":51,"minecraft:cobblestone":744,"minecraft:magma_block":9,"minecraft:magma_cream":10,"minecraft:andesite":60,"minecraft:smoker":1,"minecraft:potato":669,"minecraft:stripped_spruce_wood":10,"minecraft:wither_skeleton_skull":4,"minecraft:dirt":332,"minecraft:netherite_leggings":5,"minecraft:lantern":2,"minecraft:twisting_vines":6,"minecraft:glass":87,"minecraft:bone":48,"minecraft:wheat_seeds":24,"minecraft:netherite_axe":1,"minecraft:diamond_helmet":1,"minecraft:glowstone_dust":128,"minecraft:oak_planks":10,"minecraft:warped_wart_block":3,"minecraft:sand":1,"minecraft:stripped_spruce_log":4,"minecraft:grass_block":1,"minecraft:iron_hoe":1,"minecraft:diamond":35,"minecraft:netherite_helmet":3,"minecraft:spruce_boat":2,"minecraft:crossbow":1,"minecraft:granite":51,"minecraft:bone_meal":131,"minecraft:oak_sapling":3,"minecraft:netherrack":1777,"minecraft:crimson_roots":2,"minecraft:diamond_pickaxe":2,"minecraft:end_stone_bricks":2,"minecraft:spruce_leaves":19,"minecraft:crafting_table":15,"minecraft:chicken":1,"minecraft:brown_mushroom":1,"minecraft:wooden_pickaxe":1,"minecraft:gold_block":1,"minecraft:dragon_head":1,"minecraft:chain":5,"minecraft:purpur_block":8,"minecraft:shield":2,"minecraft:iron_axe":1,"minecraft:flint_and_steel":1,"minecraft:netherite_scrap":2,"minecraft:iron_shovel":1,"minecraft:blackstone":24,"minecraft:beef":9,"minecraft:lectern":50,"minecraft:iron_nugget":5,"minecraft:spruce_slab":246,"minecraft:minecart":4,"minecraft:sugar_cane":73,"minecraft:spruce_trapdoor":10,"minecraft:end_stone":150,"minecraft:spruce_fence":32,"minecraft:redstone":261,"minecraft:netherite_pickaxe":1,"minecraft:arrow":75,"minecraft:diamond_chestplate":1,"minecraft:nether_bricks":34,"minecraft:purpur_slab":1,"minecraft:shears":1,"minecraft:diamond_boots":1,"minecraft:hay_block":2,"minecraft:mutton":2,"minecraft:bone_block":99,"minecraft:rail":8,"minecraft:white_wool":3,"minecraft:netherite_boots":5,"minecraft:basalt":29,"minecraft:magenta_banner":1,"minecraft:crimson_stem":18,"minecraft:leather":18,"minecraft:purpur_stairs":4,"minecraft:oak_log":5,"minecraft:ancient_debris":70,"minecraft:golden_boots":2,"minecraft:gunpowder":3,"minecraft:apple":1,"minecraft:warped_stem":9,"minecraft:iron_ingot":42,"minecraft:iron_ore":207,"minecraft:iron_sword":1,"minecraft:soul_sand":6,"minecraft:warped_fungus":1,"minecraft:quartz":4,"minecraft:dandelion":5,"minecraft:gravel":21,"minecraft:spruce_sapling":7,"minecraft:white_bed":4,"minecraft:spruce_log":43,"minecraft:gold_ore":35,"minecraft:spider_eye":5,"minecraft:dragon_egg":1,"minecraft:diamond_shovel":1,"minecraft:stone_axe":1,"minecraft:diamond_axe":1,"minecraft:warped_roots":13,"minecraft:baked_potato":55,"minecraft:netherite_hoe":1,"minecraft:warped_nylium":16,"minecraft:crimson_nylium":1,"minecraft:coal":309,"minecraft:ender_pearl":35},"minecraft:broken":{"minecraft:stone_pickaxe":3,"minecraft:diamond_pickaxe":1,"minecraft:iron_sword":1,"minecraft:iron_pickaxe":4},"minecraft:used":{"minecraft:spruce_slab":94,"minecraft:chest":10,"minecraft:shield":31,"minecraft:iron_sword":187,"minecraft:rotten_flesh":3,"minecraft:spruce_leaves":4,"minecraft:spruce_boat":1,"minecraft:glass":13,"minecraft:spruce_wood":6,"minecraft:lantern":6,"minecraft:warped_nylium":2,"minecraft:netherite_hoe":79,"minecraft:bow":40,"minecraft:warped_fungus":1,"minecraft:furnace":13,"minecraft:potato":355,"minecraft:dragon_head":1,"minecraft:stripped_spruce_wood":10,"minecraft:diorite":2,"minecraft:end_stone_bricks":2,"minecraft:stone_pickaxe":395,"minecraft:ender_pearl":12,"minecraft:wooden_pickaxe":7,"minecraft:diamond_axe":131,"minecraft:sugar_cane":8,"minecraft:purpur_pillar":14,"minecraft:shears":23,"minecraft:end_stone":153,"minecraft:lever":1,"minecraft:string":21,"minecraft:lectern":50,"minecraft:gravel":11,"minecraft:fire_charge":1,"minecraft:diamond_sword":821,"minecraft:andesite":16,"minecraft:bone_meal":255,"minecraft:purpur_block":8,"minecraft:stone_sword":113,"minecraft:spruce_planks":288,"minecraft:cooked_chicken":1,"minecraft:netherrack":530,"minecraft:torch":55,"minecraft:dragon_egg":1,"minecraft:dirt":106,"minecraft:warped_wart_block":1,"minecraft:hopper":4,"minecraft:spruce_stairs":2,"minecraft:shulker_box":1,"minecraft:granite":27,"minecraft:spruce_fence":2,"minecraft:shroomlight":2,"minecraft:iron_hoe":90,"minecraft:iron_axe":87,"minecraft:crimson_planks":2,"minecraft:tripwire_hook":2,"minecraft:glowstone":7,"minecraft:golden_carrot":14,"minecraft:minecart":1,"minecraft:netherite_pickaxe":24,"minecraft:cooked_beef":9,"minecraft:cooked_mutton":2,"minecraft:water_bucket":53,"minecraft:baked_potato":147,"minecraft:brown_mushroom":1,"minecraft:warped_roots":2,"minecraft:rail":21,"minecraft:crafting_table":16,"minecraft:white_bed":5,"minecraft:spruce_log":2,"minecraft:warped_planks":36,"minecraft:smoker":1,"minecraft:ender_eye":7,"minecraft:diamond_pickaxe":1560,"minecraft:apple":1,"minecraft:diamond_shovel":213,"minecraft:iron_pickaxe":1006,"minecraft:purpur_slab":1,"minecraft:spruce_trapdoor":8,"minecraft:stone_axe":8,"minecraft:cobblestone":488,"minecraft:cooked_porkchop":11,"minecraft:bucket":54},"minecraft:killed":{"minecraft:spider":6,"minecraft:shulker":31,"minecraft:skeleton":19,"minecraft:chicken":1,"minecraft:piglin_brute":2,"minecraft:magma_cube":46,"minecraft:piglin":15,"minecraft:pig":4,"minecraft:ender_dragon":1,"minecraft:creeper":5,"minecraft:sheep":1,"minecraft:zombie":45,"minecraft:blaze":21,"minecraft:cow":4,"minecraft:hoglin":1,"minecraft:squid":2,"minecraft:wither_skeleton":10,"minecraft:villager":2,"minecraft:enderman":70},"minecraft:crafted":{"minecraft:oak_planks":20,"minecraft:blaze_powder":22,"minecraft:cooked_chicken":1,"minecraft:chain":5,"minecraft:lever":1,"minecraft:bookshelf":3,"minecraft:shulker_box":4,"minecraft:cooked_mutton":2,"minecraft:warped_planks":36,"minecraft:diamond_leggings":1,"minecraft:diamond_helmet":3,"minecraft:bow":1,"minecraft:iron_boots":1,"minecraft:chest":8,"minecraft:ender_eye":21,"minecraft:golden_boots":2,"minecraft:cooked_porkchop":11,"minecraft:crafting_table":4,"minecraft:spruce_planks":256,"minecraft:wooden_pickaxe":1,"minecraft:baked_potato":214,"minecraft:iron_helmet":1,"minecraft:spruce_trapdoor":2,"minecraft:lectern":1,"minecraft:book":9,"minecraft:iron_chestplate":1,"minecraft:paper":30,"minecraft:diamond_pickaxe":1,"minecraft:shield":1,"minecraft:stick":40,"minecraft:iron_ingot":61,"minecraft:iron_pickaxe":4,"minecraft:stone_sword":1,"minecraft:gold_ingot":17,"minecraft:netherite_ingot":1,"minecraft:shears":1,"minecraft:tripwire_hook":2,"minecraft:iron_nugget":63,"minecraft:diamond_hoe":1,"minecraft:furnace":5,"minecraft:bone_meal":354,"minecraft:lantern":6,"minecraft:iron_axe":1,"minecraft:spruce_wood":6,"minecraft:iron_hoe":1,"minecraft:stone_pickaxe":4,"minecraft:diamond_boots":1,"minecraft:spruce_boat":1,"minecraft:netherite_scrap":6,"minecraft:cooked_beef":9,"minecraft:crimson_planks":72,"minecraft:diamond_sword":1,"minecraft:bucket":1,"minecraft:stone_axe":1,"minecraft:glowstone":7,"minecraft:air":0,"minecraft:iron_leggings":1,"minecraft:white_bed":1,"minecraft:torch":44,"minecraft:diamond_chestplate":1},"minecraft:custom":{"minecraft:interact_with_crafting_table":52,"minecraft:open_shulker_box":4,"minecraft:leave_game":21,"minecraft:time_since_death":576640,"minecraft:sprint_one_cm":791022,"minecraft:damage_blocked_by_shield":1113,"minecraft:drop":247,"minecraft:talked_to_villager":52,"minecraft:deaths":1,"minecraft:jump":9156,"minecraft:walk_on_water_one_cm":29064,"minecraft:interact_with_furnace":98,"minecraft:play_one_minute":747626,"minecraft:sleep_in_bed":10,"minecraft:damage_dealt":65811,"minecraft:player_kills":1,"minecraft:crouch_one_cm":210836,"minecraft:interact_with_smoker":42,"minecraft:interact_with_smithing_table":12,"minecraft:mob_kills":293,"minecraft:climb_one_cm":8871,"minecraft:walk_one_cm":1788926,"minecraft:sneak_time":52151,"minecraft:walk_under_water_one_cm":6826,"minecraft:interact_with_blast_furnace":3,"minecraft:time_since_rest":17781,"minecraft:damage_taken":8948,"minecraft:swim_one_cm":78,"minecraft:fly_one_cm":3864980,"minecraft:open_chest":181,"minecraft:aviate_one_cm":146852,"minecraft:fall_one_cm":229461}},"DataVersion":2586}